actor_id,emotion,intensity,duration,energy_mean,energy_std,pitch_mean,pitch_std,mfcc_1_mean,mfcc_1_std,mfcc_2_mean,mfcc_2_std,mfcc_3_mean,mfcc_3_std,mfcc_4_mean,mfcc_4_std,mfcc_5_mean,mfcc_5_std,mfcc_6_mean,mfcc_6_std,mfcc_7_mean,mfcc_7_std,mfcc_8_mean,mfcc_8_std,mfcc_9_mean,mfcc_9_std,mfcc_10_mean,mfcc_10_std,mfcc_11_mean,mfcc_11_std,mfcc_12_mean,mfcc_12_std,mfcc_13_mean,mfcc_13_std
1,Angry,Normal,1.792,0.020380152,0.01675501,157.44887272115562,34.834610331845674,-506.51562,106.43564,84.12927,78.555275,6.089943,38.54086,23.36626,28.46846,-5.643262,32.037155,-4.940118,19.302467,-5.7545295,21.721289,-22.048962,20.960846,-17.615973,14.631756,-0.6633867,17.439268,-13.85594,14.430673,4.7539816,13.918488,-17.140402,10.994728
1,Angry,Normal,1.568,0.014058164,0.010975825,159.43659146363507,33.63018697451335,-536.7314,95.79392,90.15748,75.01563,11.890083,35.89108,27.219875,30.307835,-4.621425,31.603487,-4.4624476,18.428705,-8.35161,19.568254,-20.132952,19.524637,-14.83374,13.716601,-2.4066947,15.251103,-11.647316,14.020723,3.0350397,10.570292,-15.553646,13.793808
1,Angry,Normal,2.048,0.016900508,0.013791807,192.68065176729476,51.87897743427339,-511.97278,110.048294,75.11862,58.407887,2.5958257,38.090946,18.31628,34.51005,-8.488148,33.625526,-4.727371,18.66291,-14.059973,19.865265,-15.831811,15.411166,-15.64123,16.888514,-2.7560725,13.581955,-13.707353,13.136611,-1.3336596,11.520391,-13.725155,15.564871
1,Angry,Normal,1.92,0.01570949,0.014354307,173.3109611885058,40.973023866673536,-527.85657,118.02583,81.45907,63.334343,4.7411537,37.039734,22.918768,32.4638,-4.591206,32.108215,-4.3303704,21.38828,-0.76245826,18.314655,-13.808032,16.033955,-16.04878,17.1521,3.568897,16.182951,-11.226097,13.362141,2.5274653,11.87084,-12.904183,13.792434
1,Angry,Strong,2.4,0.15703253,0.12706457,354.6600610633428,43.83519766433924,-295.14374,107.09438,31.637411,46.640087,-26.683687,34.85572,-7.783524,25.5461,-22.117706,34.659718,-21.778698,18.237318,-27.886227,19.67823,-20.913013,14.865809,-28.03279,14.448265,-3.990765,17.826468,-22.978836,12.766091,-9.708493,14.191168,-14.351485,13.4870825
1,Angry,Strong,2.08,0.09634894,0.07833214,347.0036811258677,46.37657013042398,-343.00903,109.98452,42.34458,44.77558,-26.831255,30.643835,-4.822049,26.542711,-25.78951,36.5466,-13.718237,17.043839,-29.936987,22.059845,-18.881796,12.421467,-25.739706,14.107279,-10.732774,16.140709,-17.767372,13.980428,-10.649223,13.373987,-18.826426,11.127301
1,Angry,Strong,3.2,0.04104553,0.046942532,258.7554453831901,43.5534321414056,-447.4702,123.14163,29.47237,60.919685,-13.449298,27.425158,5.1413507,29.330523,-13.776106,32.513134,-10.994064,18.133343,-15.459621,19.24524,-15.908656,14.33181,-20.392296,15.271748,-3.0310273,16.409746,-15.858826,13.859207,-0.95837784,10.956574,-10.06249,14.183727
1,Angry,Strong,2.112,0.058400303,0.051101815,252.98488076039945,53.12860419254943,-394.87192,113.476,44.97425,71.69352,-8.450724,35.174324,7.368722,24.39246,-16.374937,35.012196,-11.071578,23.669851,-9.054312,19.957844,-16.69507,17.766644,-20.356575,15.304341,-1.1487744,15.220888,-18.609907,12.723727,-0.009361591,11.587257,-17.04778,14.188782
1,Happy,Normal,1.568,0.008036407,0.0052091326,131.03914425928474,17.991307239403284,-601.4661,87.19201,123.35497,68.84844,11.0439625,33.69597,29.89537,27.971964,-0.14195533,32.22981,-4.94033,19.376343,-10.445342,20.12759,-23.116333,15.8871565,-15.983181,14.486023,6.9968596,16.414963,-15.528601,12.199307,7.4249525,14.859159,-13.357007,12.983945
1,Happy,Normal,1.792,0.0086889425,0.0075591016,134.66135629728288,37.29173812067651,-615.45013,131.5005,112.655205,52.992737,-2.3962314,32.93252,36.5669,30.162844,6.5845656,26.204453,-7.861153,21.701466,-7.795657,16.56525,-19.629826,18.218468,-8.993526,17.079287,4.937216,13.127009,-13.937234,15.792694,10.311951,15.847223,-14.188753,15.542804
1,Happy,Normal,1.6,0.008504411,0.0061498038,144.0091281228951,23.891696624647828,-596.7375,99.057045,120.29359,58.56514,-1.4934143,31.392332,34.794647,33.59238,-0.067090146,28.109875,-8.084807,17.597002,-10.131944,17.544258,-17.74831,17.319447,-11.216984,15.510096,0.7831348,16.224815,-16.222126,13.506209,6.3957753,14.523094,-15.329811,12.551857
1,Happy,Normal,1.792,0.0073575703,0.0043671955,127.23968625759171,15.323872730151384,-601.57715,94.768425,107.42686,76.001564,11.61668,31.969128,32.86466,30.688734,-0.76207614,29.415264,-0.75246173,20.85042,-7.736826,20.248407,-20.145063,17.646494,-13.122472,15.853585,3.8824978,17.749987,-10.612845,14.228753,7.2441363,13.258607,-13.096066,11.779491
1,Happy,Strong,2.016,0.018590935,0.012912156,177.63143415637222,19.421583959442707,-508.67993,101.18269,92.90791,65.01449,-4.84462,35.29432,17.171148,28.374586,-3.24123,33.709145,-10.22247,19.298832,-15.589092,20.477179,-21.987835,15.802401,-21.472729,16.535559,2.1372278,14.980793,-17.06136,15.142888,5.751115,12.672094,-13.963183,9.976467
1,Happy,Strong,1.696,0.012831593,0.009878482,212.6340387209442,32.367708384861174,-547.69336,84.115814,97.388626,52.209873,-6.6382008,33.210484,13.629318,31.42528,-3.1249096,34.835445,-13.384905,20.048964,-25.283373,17.606722,-13.454748,13.19811,-24.904928,16.832731,0.091900095,14.961699,-19.05424,12.667698,0.44777867,14.521255,-16.091768,10.843774
1,Happy,Strong,1.888,0.014508934,0.013897142,191.742084116113,49.497189592293225,-558.4466,116.64854,97.952736,48.65052,-11.844037,29.1735,20.296429,26.344017,2.1846986,30.507458,-11.730921,21.999104,-16.053429,16.304077,-17.778837,17.684776,-22.617409,23.71542,6.9670577,15.043953,-18.044361,16.213898,2.9738681,14.155032,-11.160017,12.865441
1,Happy,Strong,1.984,0.02017461,0.014096696,180.3946665696014,26.90364167172397,-494.5533,87.518105,87.54234,64.9509,-2.3641608,36.15729,19.386988,28.325119,-3.5658739,33.606754,-12.16624,19.262749,-14.5244255,17.12292,-23.720745,18.932718,-20.96632,15.203094,4.5509906,18.389538,-22.11934,14.356089,7.0492144,12.886855,-17.167276,12.361382
1,Sad,Normal,1.856,0.004058222,0.003492207,125.45173456844206,15.041204706034684,-662.93616,84.89838,117.97399,58.8785,2.6881137,33.3696,38.7511,24.598759,4.574541,26.677776,-0.122849986,17.558361,-8.927408,17.531876,-17.531357,16.300692,-8.7616,12.843431,-3.3260062,13.797211,-3.2046843,14.220736,0.66019744,13.694082,-12.880754,11.662766
1,Sad,Normal,1.536,0.0037733642,0.0025431458,111.89692844274488,9.745372662088162,-670.0529,102.01003,128.46022,68.74459,3.2942653,37.693794,43.63929,23.821327,4.2411466,26.184261,0.90483487,17.058815,-8.613999,17.93306,-19.722725,15.690511,-9.809095,14.728636,2.0698357,13.548057,-3.2875497,10.387207,1.8440692,12.272211,-7.8068104,9.498096
1,Sad,Normal,1.664,0.0039650695,0.0032161307,112.38805189277652,12.007718020429422,-659.41595,98.36065,120.952644,62.692043,-0.3606474,35.92981,42.016373,28.192913,2.124894,27.222132,1.7478703,16.73372,-7.274745,17.919436,-16.980333,14.348025,-11.599617,11.173107,0.8911676,14.19353,-3.4834278,12.418999,0.36375728,10.707182,-8.097247,10.419623
1,Sad,Normal,1.472,0.0048878402,0.0033322135,113.85486693153108,13.902586940545776,-655.7869,104.873146,122.43358,74.13739,9.595571,37.667343,43.680283,28.438713,2.8452964,23.507038,5.146881,17.8495,-4.9166384,18.62257,-21.263681,17.714792,-10.723948,13.817359,-1.7417475,15.002574,-5.694692,11.64035,4.915516,11.41124,-9.980223,9.118197
1,Sad,Strong,1.728,0.0094015505,0.008379731,145.66423166729356,21.83386987994571,-586.4488,92.07304,108.94378,63.9429,2.536555,34.862347,32.765575,23.21828,4.549705,28.357403,-10.778883,18.0686,-12.616135,15.781714,-23.538858,16.98877,-16.456049,12.710068,1.6864961,15.247077,-17.152721,13.441195,6.358402,15.331137,-16.614868,10.482873
1,Sad,Strong,1.792,0.009796347,0.006997023,143.74176904980774,22.28834518214293,-581.6161,98.24183,110.70133,69.254654,2.3427742,36.167328,37.294647,24.35829,3.5906065,24.152714,-8.380219,21.392586,-11.811922,21.824356,-30.298326,20.429222,-15.526801,13.180381,0.9639855,12.760956,-15.550798,12.470596,5.8109884,13.353705,-15.832895,11.319858
1,Sad,Strong,1.792,0.011928078,0.007337214,140.79016964426094,18.366080454091406,-549.40814,93.4089,104.01838,67.93948,4.5721464,30.42389,32.35707,25.925783,-0.49111143,25.363028,-9.543052,18.192324,-12.969347,21.193714,-27.138725,21.652199,-13.6697645,13.018015,2.4170227,15.772021,-14.559679,11.496782,6.131606,14.642152,-17.230165,14.902682
1,Sad,Strong,1.888,0.005478188,0.0038683722,123.3663843169812,8.800633337058782,-647.48865,93.26936,123.166565,71.64599,7.9689126,35.041195,42.196606,26.365055,3.6290438,24.347954,-0.9707291,17.425207,-10.388264,14.888246,-19.162369,16.769903,-7.3092914,13.178788,-2.7965796,14.848116,-7.431593,13.694929,0.9995021,11.082968,-14.06688,10.3371935
2,Angry,Normal,1.728,0.013249312,0.011554303,261.5507235752264,54.375814029855256,-547.30164,95.209984,86.73133,62.14107,-18.70028,36.489033,13.665493,29.00923,-23.364122,28.508133,-3.2896345,22.875353,-22.70032,26.748943,-11.893529,14.033434,-8.598835,19.98844,-6.625369,13.123068,-12.416497,12.060171,-9.465226,14.847188,-4.9104514,10.342242
2,Angry,Normal,1.856,0.015060152,0.012964722,243.1130034457973,36.37155867334804,-537.9885,103.25195,73.59719,63.415966,-21.566624,47.35456,8.512558,33.552677,-30.194836,32.5634,-2.191519,21.11443,-25.837519,22.033257,-13.734976,18.041897,-11.7533245,17.238836,-9.769091,11.137885,-12.351102,13.135623,-14.847197,11.79071,-3.151655,10.133126
2,Angry,Normal,1.856,0.015401824,0.011814468,244.71769729444676,41.90931499555885,-540.59265,108.37244,81.44774,73.88777,-16.320131,45.56236,6.722744,34.53605,-24.746946,32.554478,-3.1378713,19.942886,-24.859144,20.431564,-13.493957,16.853695,-9.584616,17.772007,-10.859846,12.035022,-13.30513,13.827621,-13.039354,11.742191,-6.2860627,10.156746
2,Angry,Normal,1.952,0.0125425495,0.012651423,258.10105668752976,61.118637351997386,-542.55945,94.812256,71.005104,63.86945,-23.982262,35.129486,13.469609,30.105564,-24.872738,26.632921,-3.1747265,22.128557,-22.30931,22.937902,-6.4348903,13.435105,-5.861788,17.88711,-3.9252865,13.904951,-9.741027,11.078264,-7.8405824,13.834988,-5.5264907,10.352055
2,Angry,Strong,1.92,0.044072676,0.040992774,360.370021009508,65.80283174547226,-441.61697,91.57452,54.404125,58.08963,-37.569138,41.523754,5.398891,33.179764,-41.945473,34.4667,0.036839142,21.332067,-29.746883,27.75434,-11.307285,16.089783,-11.933016,20.867542,-10.375689,14.092376,-12.620792,12.2745285,-13.65546,15.761229,-4.642709,13.737785
2,Angry,Strong,1.984,0.034537476,0.031473,316.35922615577573,58.54168060973458,-456.32822,92.613785,60.144905,58.981773,-39.432507,40.61529,6.165948,34.78177,-42.024933,33.71623,5.2448487,23.28682,-25.001883,28.47332,-12.569746,15.316657,-13.1902685,20.215862,-10.135552,13.771282,-11.419505,12.531883,-15.2032795,17.718761,-3.5965462,8.669862
2,Angry,Strong,2.048,0.073288605,0.06141233,361.1677963591048,59.03364283936234,-419.88934,105.816826,43.343502,50.910473,-47.336624,51.025574,-2.566427,35.670433,-49.86665,40.616737,-2.0719292,21.721994,-33.145935,22.132801,-18.30349,16.794615,-16.577934,22.102268,-17.95804,12.9473295,-17.292923,13.639317,-19.857735,12.701411,-8.216212,17.191895
2,Angry,Strong,1.952,0.08691981,0.07417785,368.53173941039,53.943729884311615,-397.14905,96.68436,44.968777,52.41312,-50.983257,52.530598,-4.9819546,38.897858,-49.563377,38.80817,-4.474105,19.799782,-33.00259,24.600931,-23.30821,18.86678,-17.544134,20.516602,-18.247572,12.446895,-17.008184,13.421431,-22.662212,13.462854,-9.633723,14.476159
2,Happy,Normal,1.76,0.01159221,0.010631716,250.25439815047488,62.17146459249738,-562.61395,108.7793,85.78975,55.11822,-33.60985,39.1589,25.036823,27.566849,-32.1337,26.489853,-3.382472,22.725428,-28.920408,17.560722,-9.258298,15.488121,-11.888218,16.174368,-12.902563,14.322959,-10.355613,15.760931,-14.914548,14.204132,-5.876549,9.370005
2,Happy,Normal,1.792,0.012550617,0.011680218,248.47888837575812,50.31415214879505,-566.01556,111.94915,86.81176,55.628757,-28.730333,47.99515,15.658149,29.8124,-26.898516,30.364115,-7.128646,23.187187,-31.133564,18.005308,-9.346422,16.674189,-8.9884815,14.866677,-12.7484865,12.011315,-11.582311,18.570374,-15.78903,13.771044,-5.6985865,10.061954
2,Happy,Normal,1.824,0.012903547,0.011587006,237.43034782539,47.73917635417615,-564.9529,111.96603,85.63128,57.069294,-30.923023,49.43265,14.418405,29.941647,-28.339474,29.278288,-6.5909724,23.651882,-33.360836,18.594635,-14.647413,13.173307,-11.199634,15.230861,-15.743198,9.603369,-11.381605,18.239677,-19.206572,13.686708,-6.1161575,10.069797
2,Happy,Normal,1.632,0.013504461,0.01281416,257.1485796991615,66.2043253108303,-544.7319,93.1946,83.80642,55.666836,-37.39094,39.676712,20.793058,29.710823,-31.676292,25.355402,-1.0215147,22.400785,-27.794582,18.660229,-10.888563,16.138365,-12.173373,16.286415,-11.556237,13.8194065,-12.14024,15.888724,-16.78516,13.415811,-7.442492,9.07392
2,Happy,Strong,1.728,0.023059873,0.020394137,253.11996294148463,54.93278454214068,-509.31882,111.54408,76.66758,50.62105,-30.413181,48.598,17.237053,32.580177,-29.731333,27.552626,-15.155818,20.115973,-31.744051,18.327087,-12.940577,15.956381,-9.019623,15.7773285,-23.592993,11.220506,-11.940641,17.821281,-24.196484,13.981431,-5.1379204,12.293979
2,Happy,Strong,1.888,0.024565512,0.02190442,266.33833958357224,69.39620199029378,-507.53653,107.765396,73.52082,56.7415,-29.285957,50.736588,15.908903,34.558346,-31.933975,31.607964,-12.629661,19.683584,-31.356388,17.42599,-15.406424,14.487263,-14.681473,15.528453,-21.772497,11.56421,-11.708098,17.397224,-25.404705,12.836173,-6.2245293,12.942471
2,Happy,Strong,1.664,0.033857957,0.033826333,291.38284241015907,88.50547752707696,-460.27838,91.24556,66.44795,48.305992,-43.184055,44.042522,19.456871,28.131407,-40.120823,28.12975,-11.372447,23.463009,-31.646381,16.132349,-14.866655,12.422532,-18.068245,17.314978,-17.947237,12.416111,-10.620062,16.74873,-22.153913,15.427997,-3.103232,12.150705
2,Happy,Strong,1.632,0.033803213,0.0332357,289.93123983886,75.34364422987798,-461.04333,85.62761,66.141365,43.235893,-45.35939,43.413055,18.829958,28.628897,-42.78139,28.028969,-9.097387,22.280756,-34.94807,15.992766,-13.876587,14.711062,-18.201256,17.156317,-21.60004,12.650493,-12.110518,15.643867,-25.414057,15.602441,-6.943781,9.719201
2,Sad,Normal,1.792,0.0063650752,0.005471365,218.4352218988825,21.784036535026303,-650.61395,85.747536,103.21638,60.19948,-3.385037,40.767784,10.949375,27.634705,-14.42396,23.137457,-8.075662,15.06956,-26.803267,18.284983,-9.250182,12.627577,-10.805215,14.895944,-13.277474,9.692689,-15.648523,11.933719,-11.637104,11.463795,-7.372541,7.2476397
2,Sad,Normal,1.856,0.005691242,0.0052753454,220.08136900046563,17.59244029382683,-666.0619,97.62826,99.82626,62.85137,-3.8911877,42.25196,15.478334,27.859324,-14.620445,22.4657,-6.4041343,14.986816,-23.254591,16.335678,-12.245301,13.425351,-7.664283,13.964806,-10.406591,10.286675,-15.250706,10.057658,-10.934883,13.759577,-8.762875,7.139287
2,Sad,Normal,1.856,0.0058723483,0.0052442765,234.40422327005103,30.82619480903381,-638.9848,86.08583,100.2043,62.38092,-16.662033,35.55734,14.960728,26.11091,-21.256445,25.917519,-2.9695663,16.691261,-21.728645,20.475203,-12.938429,13.531007,-10.019213,16.970755,-7.7625,13.109416,-14.096927,11.668151,-7.9585695,12.017478,-6.8657713,8.55274
2,Sad,Normal,1.92,0.005207811,0.004094488,232.21198621293271,32.02123743422477,-660.6884,99.081955,96.07378,62.64847,-13.4581175,30.682251,14.972012,27.73067,-20.064518,25.536057,-3.1070137,17.819529,-24.148285,21.870852,-9.286548,13.782576,-12.672884,15.7745,-7.824674,12.3301735,-17.713737,10.805033,-6.924797,12.842335,-6.592972,8.068877
2,Sad,Strong,1.856,0.0044771666,0.0043295515,235.18182675964488,59.185601323706656,-665.6299,103.4484,94.05011,58.86362,-9.860579,37.827568,14.094409,30.30759,-17.583971,23.466785,-10.344097,18.105,-27.444195,25.66961,-15.020082,13.369746,-11.699022,13.980144,-9.481277,12.883688,-13.363811,9.225858,-9.486565,13.906646,-6.419991,10.319144
2,Sad,Strong,1.76,0.007176695,0.0062830974,255.949530595174,28.351884909944324,-641.9308,103.14901,90.134735,61.781666,-7.9137893,43.471344,9.624974,31.879507,-17.934149,24.403284,-11.693351,14.431368,-33.287075,20.814823,-21.685059,14.427139,-15.972375,13.142138,-14.347322,11.666576,-15.575544,14.574259,-16.576542,12.960671,-7.763621,11.609739
2,Sad,Strong,1.728,0.0052804225,0.0056502693,289.706892247818,35.65839657468997,-646.5348,84.06845,81.28712,60.78912,-17.24952,38.34882,10.391695,28.1876,-27.329733,26.933346,-10.497419,17.059958,-30.251078,22.54361,-16.84999,11.735183,-14.207432,16.84856,-12.020387,13.896517,-12.910773,14.972994,-11.970232,14.453811,-0.69240695,12.742039
2,Sad,Strong,1.76,0.0059790956,0.0051746075,282.35176852496744,25.046931749957224,-647.36206,102.359604,80.86771,67.73625,-6.330341,41.37203,9.025141,31.346373,-20.859886,23.84937,-16.620274,17.04327,-31.31755,19.1183,-17.578527,14.183232,-11.970827,14.065222,-14.723507,12.630762,-12.811918,11.991164,-14.638538,16.540758,-5.9830585,9.678568
3,Angry,Normal,2.176,0.015047182,0.015122173,145.37835304047138,24.656753469733975,-520.0977,117.602745,87.06611,57.56619,-4.4338565,37.80311,28.048666,37.51076,-7.9557514,27.682596,-6.206606,23.660774,-17.620823,15.973116,0.52458316,17.20989,-10.899322,12.883158,-4.436561,12.532396,-6.364639,12.444204,-2.5304627,11.434108,-6.2627783,11.859876
3,Angry,Normal,2.112,0.0039549195,0.0037511112,97.06159311099997,5.987956518418762,-646.21063,107.927536,97.27029,54.853268,15.888589,38.090908,30.393988,36.331432,-0.3168165,27.512701,-4.4073105,20.601942,-11.353956,14.849741,0.7148477,15.451026,-5.671673,16.606825,2.096358,10.46568,-5.9094105,12.683723,2.0105574,11.972494,-5.3762965,12.389611
3,Angry,Normal,2.8771875,0.013820689,0.015147479,206.2128233046507,103.6078733650755,-565.6581,151.95285,75.35154,58.859463,-6.7132134,34.118652,14.499516,32.032032,-2.026004,24.888525,-9.871818,18.627306,-19.643658,12.331176,-5.7438827,13.160841,-10.639652,19.136686,-0.79660904,12.544984,-5.759708,14.046599,-1.4464378,11.157278,-8.384897,11.697487
3,Angry,Normal,1.984,0.012219455,0.010041093,138.5811461584422,17.586202827059466,-536.4592,114.95838,94.02533,67.008064,-0.5671741,38.538208,24.39938,32.94538,-3.9876437,25.115993,-9.01742,17.642689,-21.25562,16.95953,-1.5073532,14.086497,-13.303677,17.664558,0.15139315,12.75226,-5.2411633,12.984196,0.33569002,12.774653,-9.430373,14.653013
3,Angry,Strong,2.368,0.07970525,0.06988235,269.0566981943103,46.63425186058843,-350.59247,123.41941,63.437458,55.544273,-16.912655,38.971226,11.133592,33.05472,-25.156012,41.620346,1.4900353,20.249403,-21.373339,19.251179,-5.6580486,14.02719,-13.616106,16.338064,-5.668443,12.596253,-8.975868,14.545964,-8.410977,10.797829,-8.830751,9.436125
3,Angry,Strong,2.656,0.10327804,0.08819873,267.369423845744,41.3318327432202,-331.8336,123.03171,56.74685,44.267456,-12.500802,37.300926,8.477835,33.881763,-26.492374,43.449184,3.4367635,23.133343,-19.13093,20.073563,-9.755689,15.016352,-15.591334,16.934052,-4.013737,11.950459,-10.183395,11.392829,-9.646106,10.916725,-7.354349,10.854225
3,Angry,Strong,2.528,0.08168722,0.081048995,268.7696941971529,35.97210659773551,-351.7666,115.95011,63.515976,43.161213,-9.110302,32.275284,15.806267,36.037636,-19.495966,34.353394,-0.15448505,19.648767,-22.45574,22.196016,-4.235341,12.1037245,-10.788262,14.163577,-9.842775,12.598498,-7.7709002,11.499375,-5.4994073,10.564098,-7.7433686,10.190947
3,Angry,Strong,2.496,0.0900276,0.076485954,275.4407808546293,34.72542449779969,-340.7769,117.16562,61.310486,40.48994,-14.217718,33.16603,11.820689,33.80733,-25.845186,38.442642,5.331129,23.321503,-23.085136,19.693956,-3.33147,11.376928,-12.750218,13.854544,-9.593274,11.7103195,-5.716165,13.822814,-7.2686744,10.128,-8.75751,11.641123
3,Happy,Normal,1.696,0.01905865,0.0135472035,180.70597346815896,40.87423252566481,-511.84482,91.17073,92.05324,59.96345,-5.8405395,39.48538,11.5895195,27.976276,1.4390671,28.484163,-20.659725,17.74308,-32.529343,17.953857,-3.9950747,14.819186,-25.950815,21.786337,2.9422007,13.069949,-18.518988,13.356007,-6.8428626,12.91499,-8.916095,12.325071
3,Happy,Normal,1.888,0.014375248,0.011064701,179.378897328255,27.6238952237353,-539.6865,101.8751,98.136696,55.49907,-4.2727356,35.79686,22.273891,35.427383,1.7546483,30.048744,-14.277638,17.388754,-25.082455,15.406618,-3.1610289,13.410023,-23.351357,18.222267,6.316993,15.087941,-15.913564,12.240835,-4.6164794,10.459468,-7.460499,10.866525
3,Happy,Normal,1.664,0.013018065,0.009818632,192.01614465755037,23.67855216771096,-549.5949,92.45905,92.09595,63.703953,5.410932,42.35465,10.047659,30.105179,4.0565953,29.485027,-13.042665,18.320522,-29.57154,16.821335,0.69054866,16.886179,-25.9415,20.92313,6.544863,16.97752,-14.181781,15.861731,-3.6393476,12.982293,-9.394677,13.098445
3,Happy,Normal,1.824,0.019518035,0.014238667,233.77892085584585,27.558173845560887,-520.28204,104.50423,87.344284,52.866085,-9.542637,31.295666,7.2698593,30.513268,-4.6647816,31.796041,-13.331927,15.155104,-31.10604,16.94176,-5.4642577,13.642263,-26.890718,17.63705,1.9601841,14.918305,-17.365343,14.148262,-10.306758,11.971405,-9.988019,11.413022
3,Happy,Strong,2.848,0.056758072,0.05803393,276.81110062497834,69.36133764596526,-416.47452,131.45915,51.497654,44.12014,-4.3323073,29.849522,-3.8888783,34.73594,-10.99862,36.11986,-3.868868,14.926491,-23.970055,21.78816,-6.2303815,14.643018,-24.445837,17.08856,-2.416701,13.366391,-11.480265,12.736918,-10.844239,12.420441,-1.0184493,13.348369
3,Happy,Strong,2.528,0.056826342,0.048625022,247.3197422121773,37.86125962887901,-419.979,98.923836,65.75882,47.890682,-9.559627,33.239227,0.40470266,36.556858,-16.128202,39.187065,-10.6750555,19.592098,-31.34803,16.472536,-4.39583,12.386266,-27.53092,16.42443,6.258347,14.942996,-19.12216,14.375177,-9.013346,12.140443,-8.5515,12.270211
3,Happy,Strong,2.304,0.036358897,0.032479495,275.9654399555291,54.01825529673238,-459.3455,95.387344,67.08327,45.25287,-5.3221397,35.976643,0.7854009,33.06525,-1.3098079,34.238277,-11.398648,18.497131,-24.853594,22.620697,-1.920793,16.530697,-25.100817,23.459307,2.766498,14.849271,-18.435581,15.693055,-10.074662,13.038777,-8.847429,13.679653
3,Happy,Strong,2.4,0.037724636,0.032647148,260.1071515532263,28.936126402958912,-458.98782,98.51182,75.20887,46.2134,-1.9808863,31.67411,1.5621313,31.4206,-8.636096,34.706745,-14.314763,18.413544,-28.386415,18.715418,-0.66784996,15.7311325,-27.257921,16.268902,4.981364,13.307606,-19.42906,11.969318,-11.096729,11.627222,-9.069388,11.625969
3,Sad,Normal,1.888,0.0041367467,0.003595049,137.5022289997406,15.89721550845656,-660.0944,96.98842,113.568245,56.37296,3.70186,33.11361,24.049541,32.915775,8.013745,24.223452,-10.650448,16.299908,-20.206089,13.114516,1.3190402,17.565365,-19.162271,19.663837,1.0442283,15.086756,-14.461095,16.719776,-6.6704025,12.097587,-8.121875,10.1557665
3,Sad,Normal,2.592,0.003133832,0.0028728829,151.54620403165438,14.5363797619513,-727.4513,138.71176,102.54253,46.992344,6.6402755,34.715523,23.340006,26.06578,9.664762,20.538528,-4.0792556,18.593111,-10.600584,17.577532,4.343762,14.902564,-8.746409,22.344479,1.2605616,11.505701,-6.4256096,17.0927,-1.0150954,14.265583,-3.0685542,12.249739
3,Sad,Normal,2.464,0.00516694,0.004730841,150.98042865706103,17.289606815782026,-667.85077,140.7106,89.487015,58.432266,11.101468,35.867115,23.879887,25.234344,7.4709816,17.717426,-7.2762685,17.437235,-16.405426,18.706924,6.3209305,15.128562,-15.021675,23.847477,6.6352677,13.116904,-6.8195534,17.416643,-3.1487432,16.190226,-2.1181467,11.720861
3,Sad,Normal,2.336,0.005876037,0.0051403223,149.0091546711001,11.969709265051796,-641.77136,121.38816,92.11986,59.908928,2.6708224,38.96692,27.2128,27.04909,3.9669957,19.432165,-7.914922,16.844425,-15.731197,18.028591,1.6394012,14.106466,-14.673496,23.363745,5.4272137,14.27042,-9.489306,17.901114,-3.3550353,14.176695,-2.0228832,11.477851
3,Sad,Strong,2.592,0.015556986,0.017020158,304.3716148731936,100.89339461029792,-600.2174,148.05281,82.25184,54.12881,-16.847458,31.625965,5.511429,30.51615,-4.479169,26.024042,-15.967796,15.926571,-27.275282,18.265503,-18.516216,20.599623,-29.720469,17.88573,-7.37417,12.860466,-13.599641,13.835368,-13.349861,13.100211,-9.178172,10.053411
3,Sad,Strong,3.214125,0.019256031,0.027681625,282.7269185093046,98.9294838097462,-565.32965,157.86038,56.93523,48.202286,-2.9105258,30.707584,18.521389,22.175215,6.900066,23.425358,-1.5753657,17.226562,-13.05167,20.4351,-8.221446,16.452301,-10.9067955,19.197546,1.3590304,11.821933,-8.448187,14.473826,-1.247969,13.332075,-3.1519241,11.899394
3,Sad,Strong,2.848,0.021660775,0.023329187,307.6262502402294,82.216403386498,-567.2957,168.35602,67.71368,46.740402,-6.766122,26.585737,11.315673,26.810825,-3.194781,26.153347,-9.742967,16.78563,-25.718164,20.462332,-10.5023985,14.663507,-20.293222,16.721472,-3.6446521,10.175598,-16.036137,14.99129,-11.9312725,13.682024,-9.113135,12.217794
3,Sad,Strong,2.592,0.022488322,0.022385875,252.40964371201537,104.27221278688803,-533.24396,147.30211,78.79334,47.54412,0.5878014,33.430305,20.837223,25.281235,5.813218,28.939138,-1.8656757,18.167286,-15.504629,22.184038,-9.741568,18.628662,-17.166449,15.084462,0.03958975,14.497845,-9.945159,15.272662,-3.2792504,14.104294,-3.3901515,16.672441
4,Angry,Normal,1.536,0.02254174,0.01686165,326.2566854601888,70.79177147374446,-514.72626,111.8039,59.739323,66.029785,-21.784082,40.536762,0.93455803,25.550482,-34.15781,32.802578,-9.770618,19.080984,-32.834583,20.803892,-21.045143,16.204746,-17.442875,17.694586,-10.4319515,12.80964,-24.095547,12.879949,-14.725504,11.87236,-14.356504,10.404068
4,Angry,Normal,1.824,0.014382379,0.010506375,270.7571747435852,48.56421330960842,-550.46216,99.60297,69.860886,68.35554,-16.311615,44.825726,3.1382632,29.317484,-30.736856,32.78686,-8.271685,14.852944,-31.266085,17.791069,-19.219702,15.591248,-11.948218,16.639124,-7.2804093,12.221783,-21.167927,12.097709,-6.746142,11.01392,-10.137632,11.49164
4,Angry,Normal,1.632,0.01997326,0.01845249,276.9811726604068,53.680934849820936,-525.19855,109.80479,63.08236,58.92627,-19.604912,42.323875,4.8681426,25.953156,-33.623398,27.778687,-3.7132378,21.206932,-26.766144,22.106956,-18.285349,18.07152,-12.023626,16.673576,-8.205309,15.8612385,-17.933891,12.398839,-3.345309,13.277976,-2.0256336,20.454561
4,Angry,Normal,1.76,0.0146910185,0.014131509,277.3284278192016,58.05307727328941,-554.1521,108.041855,74.11359,60.269413,-15.907577,37.939754,6.684824,27.537163,-27.176426,25.195944,-7.3498726,24.451042,-27.631968,19.352379,-17.240555,16.246529,-13.778259,15.730727,-8.630389,15.809161,-21.481348,12.15307,-5.0977526,11.199556,-14.449679,13.109155
4,Angry,Strong,1.856,0.05225269,0.0501899,276.0529242956068,48.22312819626452,-416.48462,87.41721,37.84619,52.7948,-26.076902,40.721157,-2.9685678,32.13713,-39.523575,28.479557,-0.44927716,23.242682,-33.890385,21.573519,-14.748766,18.710125,-12.119161,17.80405,-6.431133,19.262442,-11.20099,21.127237,2.2306526,21.438913,2.8021944,20.064672
4,Angry,Strong,1.728,0.07138603,0.07250241,358.6290837945077,56.08384893712677,-396.02975,96.99621,27.207447,42.99401,-31.46266,41.34514,-4.935211,36.798878,-39.322758,30.576735,4.510425,20.609606,-29.131199,23.512796,-10.369631,19.591255,-15.216641,14.611412,-10.264707,18.36577,-15.831464,23.213497,-0.99474746,27.918495,4.5620885,22.836012
4,Angry,Strong,1.728,0.07433469,0.073001415,339.25128611391443,45.19951318200256,-395.9551,110.21124,26.994556,44.468937,-32.098183,39.314545,-3.2135053,27.11656,-43.961334,35.304134,-7.6767435,22.27565,-36.602184,25.82408,-13.813671,18.309332,-13.441435,13.232313,-7.621138,13.622661,-20.223085,16.296375,-9.978219,15.009619,-13.808492,14.950029
4,Angry,Strong,1.888,0.048380222,0.041081686,339.1814796752926,45.17365609444536,-435.0781,106.856804,22.29896,49.510323,-32.587147,47.169907,-18.72681,34.070015,-45.28682,35.24708,-5.9109817,17.864292,-40.035553,23.896914,-13.99816,15.294192,-21.051632,17.480524,-8.2114105,16.26869,-15.439365,22.138132,-1.4899708,25.917625,-5.6999164,21.751982
4,Happy,Normal,1.6,0.010805737,0.006336375,238.09567169768167,38.72456037792696,-557.659,91.78843,83.915665,62.485806,-22.41693,46.054123,21.524853,33.249016,-31.321552,33.00504,-5.332134,20.80202,-23.819494,15.738179,-17.40352,15.210734,-16.483198,15.922207,-9.552481,9.619963,-17.952957,11.601304,-8.344993,10.914345,-10.421826,9.310464
4,Happy,Normal,1.6,0.00894942,0.0066035804,248.1067066942425,82.51973478554322,-589.6849,102.5016,89.956535,60.734715,-27.082323,38.039814,17.0096,26.743576,-31.809221,26.664564,-7.8117576,23.387835,-28.928944,18.40895,-17.3726,16.23075,-11.916326,13.950899,-12.083196,15.44915,-21.85678,11.546725,-6.6049943,12.315134,-7.573017,13.078109
4,Happy,Normal,1.536,0.014633284,0.008992061,263.06137576908526,57.46234011723344,-543.2876,92.9523,91.476036,53.21354,-30.968744,49.746834,18.725697,33.436707,-32.957417,30.829994,-11.396487,21.324791,-31.628872,18.095863,-18.069166,17.727964,-11.818688,15.498195,-12.162949,11.629944,-18.17628,12.724814,-8.260472,11.139339,-11.811232,9.612734
4,Happy,Normal,1.6,0.01344724,0.010245943,304.3650246379778,65.96241763176131,-545.4534,94.64103,75.15812,50.499355,-39.30504,43.73252,21.162968,27.975735,-36.65745,30.643654,-8.306792,25.098837,-28.082546,17.45264,-22.898533,17.094007,-11.134523,14.851544,-13.78529,13.213695,-21.769861,12.428695,-9.206807,13.523543,-9.56268,10.5500965
4,Happy,Strong,1.664,0.031228065,0.024655962,296.5099284502685,55.78707275392806,-482.62595,97.95468,56.37218,56.625767,-30.251804,48.21252,7.794631,28.70335,-35.8387,30.393507,-12.913555,20.401848,-31.389753,17.280945,-22.218075,16.556562,-14.601238,15.1499195,-16.984802,10.869062,-19.490404,12.861677,-12.21507,10.839164,-12.118778,10.983663
4,Happy,Strong,1.6,0.036429357,0.029355552,359.80307610767466,71.03508937489411,-467.3389,88.648674,46.193886,46.888397,-40.43646,39.502865,10.552976,23.99065,-40.52843,30.887133,-6.610441,23.127436,-27.215944,22.846468,-19.54817,15.792774,-12.634804,19.33817,-16.750996,15.370287,-20.803078,13.448888,-8.450211,21.609972,2.7671938,26.601324
4,Happy,Strong,1.888,0.02553653,0.022153521,328.71145731040343,62.51990285877,-494.55188,98.26246,52.244026,43.658287,-35.191372,42.107525,9.489935,27.23623,-32.194363,30.140816,-9.447134,24.449562,-24.49698,17.85011,-20.07635,18.812426,-10.111111,17.441221,-10.779625,16.537256,-18.337957,14.659252,-0.20196888,23.682735,3.0569081,26.246277
4,Happy,Strong,1.792,0.046663463,0.036530185,386.0197266754705,48.815218266565296,-431.35916,94.10912,34.859093,38.674957,-41.742767,47.612408,2.9210904,30.784063,-40.941757,33.4625,-14.654255,21.9126,-34.93218,18.789427,-18.218035,14.075215,-17.67136,15.055525,-18.029451,14.47195,-26.63485,12.281066,-9.761185,17.832733,-5.0966816,20.240208
4,Sad,Normal,1.504,0.0049945763,0.0043966835,235.57300910667956,26.297715270059875,-654.02875,103.98815,86.181625,66.44601,-7.645589,35.290657,17.577572,24.812862,-21.014893,25.163868,-3.5942338,18.400421,-20.748186,19.864319,-16.405148,13.143602,-17.163187,16.203123,-5.078044,12.108375,-19.12991,9.293576,-9.888049,10.166388,-5.6191535,8.662143
4,Sad,Normal,1.568,0.013878904,0.010613468,342.4920224696733,51.53701075208439,-577.88165,97.52171,54.46319,68.10164,-23.335773,42.2473,0.72650963,34.03662,-38.11006,28.324654,-15.917939,18.33929,-29.708206,16.811954,-26.303421,15.853261,-15.666795,17.771595,-16.914984,13.193666,-19.291391,10.534763,-12.851727,14.557232,-6.4969635,10.086647
4,Sad,Normal,1.504,0.0148367,0.011469407,304.5474003124796,59.37756573636016,-563.7964,97.17569,72.82387,63.432133,-18.091719,29.985708,5.6214213,26.278936,-30.305302,23.876047,-6.7284484,20.912567,-25.525566,18.378422,-23.030035,15.431751,-13.998428,17.043966,-10.249552,15.259432,-21.487463,11.459009,-14.508243,14.014933,-3.7579224,9.66404
4,Sad,Normal,1.536,0.015724223,0.010392548,309.3600205933125,47.71656168152998,-557.8464,96.218765,65.65784,70.4937,-23.918592,44.680008,6.1478977,33.672543,-34.57079,29.39224,-15.54153,19.01252,-29.308815,17.374678,-26.250343,15.857931,-17.754047,16.991825,-14.697038,12.606528,-20.876436,10.79898,-15.165365,12.547574,-7.607604,10.271587
4,Sad,Strong,1.824,0.055808038,0.04562539,315.6193796354966,60.25272252276046,-469.6384,88.89123,11.801617,41.19017,-52.80362,46.76208,-13.195961,30.621881,-48.837337,29.933275,-31.04006,20.780571,-41.66817,21.333344,-29.441267,17.806833,-12.782568,16.769972,-9.134751,17.40235,2.5714462,24.65508,24.32811,26.21504,33.06183,30.511814
4,Sad,Strong,1.76,0.030097589,0.02609637,355.4188742921295,82.96090292893521,-501.411,90.35618,38.309017,47.580143,-30.210676,34.476967,-4.8773284,30.866646,-37.539047,26.609644,-11.970215,28.512894,-24.08496,19.60748,-22.215185,16.732975,-8.402175,17.795307,-3.5069642,18.982645,-3.831324,25.777157,11.104212,27.084639,25.486649,29.54007
4,Sad,Strong,2.08,0.033132367,0.028625656,339.8617656530033,85.06568613895122,-499.4179,97.44891,20.65351,49.92078,-41.840992,46.474056,1.4574008,34.62583,-40.094826,30.285805,-22.85741,21.512827,-32.527428,20.005669,-25.004738,19.437021,-17.243921,15.473166,-17.164305,14.080901,-15.778968,13.770192,4.1631303,21.192047,18.424347,26.398
4,Sad,Strong,1.728,0.024751514,0.018364081,349.9644647517697,75.20246981527862,-520.74414,92.23067,45.524124,51.453842,-41.04971,39.3572,3.4363594,24.893452,-37.64058,26.14709,-20.657667,24.830885,-32.79916,19.025375,-29.58985,18.823668,-10.329697,17.48312,-12.210184,16.72294,-12.626751,15.5366535,-1.2274636,21.393631,16.189806,31.182493
5,Angry,Normal,2.528,0.009249495,0.0065273093,129.7668506567881,24.105044937766028,-589.1709,112.622314,107.043076,88.93314,-1.1730455,42.503956,34.984974,32.29611,-14.776623,36.88916,-6.712244,23.271631,-2.9295447,19.941196,-9.409789,19.565216,-7.5561757,12.79156,0.15271014,14.983745,-1.8926365,12.146083,-3.281183,8.971538,-1.9794152,12.085314
5,Angry,Normal,1.952,0.016841529,0.014764426,159.18829037208553,24.691589717809205,-517.4619,109.44119,97.58242,66.94025,-7.762578,31.506727,36.21728,38.686676,-7.094521,25.825314,-16.59946,30.026209,1.115898,17.201738,-4.0294695,21.363092,-10.262453,12.118721,3.9540875,14.692597,-6.361359,12.325744,1.4151963,10.316109,-2.0487795,13.912194
5,Angry,Normal,2.432,0.0053976444,0.004039607,102.43624860265632,12.585637082121062,-652.08276,110.0406,124.31505,81.64942,6.379694,40.806496,28.852282,29.54406,-2.7457435,30.720985,-6.0194817,24.899836,-3.1077678,21.132053,-11.956617,18.531643,0.30454305,11.335138,4.1664243,15.759213,0.58405465,10.623607,6.779432,12.217423,-7.3550997,14.139191
5,Angry,Normal,2.016,0.018851543,0.015798809,181.6461743212874,50.68606604015019,-509.71756,110.800835,103.107796,65.27956,-25.06353,40.663994,29.004766,37.12931,-12.007527,26.764027,-18.660053,27.937164,-2.6487057,18.612747,-12.105718,20.439936,-16.932936,15.7736845,3.509835,15.703597,-12.473655,12.802762,-0.415689,10.817278,-8.213464,14.999576
5,Angry,Strong,1.696,0.067933865,0.055848934,298.011234382325,40.125614748462574,-357.73376,124.061714,69.66325,60.039345,-20.528143,33.621723,15.803797,26.763098,-13.651267,27.530775,-21.256277,25.13128,-10.372235,13.886263,-9.363639,19.479155,-17.598557,11.917217,3.687106,15.890688,-11.612993,16.506445,-1.4712317,12.098733,-7.5022197,11.41332
5,Angry,Strong,1.696,0.11966225,0.10621851,311.1559019207645,60.55532280492235,-316.02084,93.058525,55.903755,57.09875,-30.725557,42.594856,-1.8007461,26.253862,-12.4485035,27.572958,-33.206722,31.15872,-7.6391654,15.587408,-14.958374,17.404175,-31.849127,12.979105,10.42908,15.2629595,-10.143489,11.239312,-6.045278,10.857872,-5.872843,14.051271
5,Angry,Strong,1.696,0.108926214,0.11572375,332.11754568157914,34.31854514156845,-339.92697,102.24808,58.24059,62.63929,-22.715254,44.56707,1.5137556,23.418394,-7.653283,28.69739,-33.432495,30.315447,-11.584139,17.72486,-12.625853,16.48043,-25.305307,17.479877,10.030478,14.356041,-7.6298776,11.04552,-6.9307027,11.240342,-8.027075,12.860648
5,Angry,Strong,1.6,0.07502095,0.06661634,289.110450908202,46.64267327326767,-350.15134,98.881134,63.461533,49.732838,-32.716255,37.107178,11.92849,30.40298,-12.527812,26.934553,-28.013966,25.514843,-9.559595,15.899196,-12.756849,19.83525,-19.057547,11.272226,5.7926393,15.916353,-12.423446,13.838317,-3.103837,10.960315,-8.657303,13.241315
5,Happy,Normal,2.048,0.00811019,0.0061775055,150.5788978839091,35.96554834358077,-601.58154,112.53923,108.22978,72.49548,1.5196517,44.403416,22.277758,22.55299,-5.839458,33.454792,-7.744244,23.408752,-9.393479,21.576357,-16.165745,21.024982,-8.6235485,12.794655,3.9133182,13.207958,-9.972067,14.024737,-1.776147,12.406225,-6.731015,12.037891
5,Happy,Normal,2.144,0.004059929,0.0034966264,144.08038852284244,27.137925224546212,-673.1984,102.709206,109.37801,61.630276,8.616594,41.008297,30.535326,31.73954,4.090232,32.377354,-3.7432706,26.61631,-3.4475467,18.927044,-15.0423355,18.127079,-15.783565,14.573315,8.441311,15.531941,-13.783092,13.507409,-3.7064345,10.253773,-3.6787481,12.580579
5,Happy,Normal,1.472,0.00494362,0.0034605325,124.08338860835195,9.15223841163744,-643.4151,110.74842,112.152176,71.21493,11.559902,32.176273,31.010363,23.748285,-0.86681366,31.71627,-4.7284746,21.092321,-10.367411,19.520048,-12.649784,16.596544,-8.359518,13.358145,-0.55606645,14.044108,-10.223608,11.470352,-6.525327,10.559885,-9.608005,11.092635
5,Happy,Normal,1.536,0.0058627445,0.0051014377,125.15145845728928,34.80274842818383,-632.85095,116.99452,121.8692,56.142727,-2.4467432,35.226254,35.940876,26.971573,5.970341,31.465385,-5.710337,24.87663,-1.2204772,14.259963,-10.442964,18.635437,-7.877398,16.370134,8.029093,17.199717,-9.89019,14.236046,-4.0536265,10.069168,-4.7281947,11.686628
5,Happy,Strong,2.08,0.015414772,0.011914033,250.89684870727243,32.87892711848868,-542.8779,106.07128,98.044426,64.147415,-18.656767,34.2859,7.163338,35.391346,-5.259077,34.75094,-12.298559,25.899105,-7.988808,17.4963,-14.218147,20.325006,-20.611881,16.509819,9.546398,14.983795,-14.938416,13.283547,0.58075505,10.8868265,-1.352928,13.375808
5,Happy,Strong,1.984,0.014429742,0.010688079,209.27190624734789,34.79295588354226,-556.57434,104.24488,97.26068,68.06591,-1.8538941,43.94232,13.634022,26.71158,-4.0245647,34.58241,-13.13248,23.35194,-9.424469,18.428673,-23.27998,19.387962,-18.356737,14.1388445,6.2947745,14.432477,-16.23091,11.696563,-5.810699,10.466015,-4.480263,9.569457
5,Happy,Strong,2.368,0.0059595047,0.0048270053,236.9049566657607,28.962282389727743,-648.7065,100.34159,88.20792,65.966446,9.492069,30.993664,11.294034,32.3932,-7.245531,32.181557,-6.3563447,24.999125,-10.288652,16.777191,-12.101064,16.147549,-19.764566,14.51865,2.8083594,12.165054,-15.1154585,14.833673,-5.355066,9.855834,-2.3015718,12.848194
5,Happy,Strong,1.6,0.015821647,0.010859164,232.2477665883692,22.015723151325087,-548.12646,92.11018,90.40608,75.547264,-0.98467904,38.754387,8.7289095,26.977541,-4.361016,35.419365,-10.255447,27.003685,-12.175691,16.968685,-16.383987,17.30419,-25.288074,14.124411,3.0873227,15.012088,-16.969584,10.6811285,-8.281523,9.741384,-2.788127,14.058731
5,Sad,Normal,2.112,0.0010434451,0.0010604237,89.0612674605842,4.730359312566881,-855.913,159.58693,94.57094,68.83996,17.413128,21.464535,32.119507,23.822712,5.9231024,19.950716,8.406854,15.816957,-4.1234064,19.447664,1.2228726,16.03854,4.7258024,9.608841,1.3979712,13.627361,6.4681168,12.127603,0.015314498,11.175675,-0.93891305,10.442196
5,Sad,Normal,1.952,0.0011676677,0.0011269655,126.6120185502165,29.737871987800347,-840.7867,164.71104,95.07633,63.887985,17.968092,22.91474,30.463324,27.024508,4.2433863,21.300232,5.179024,18.000511,-6.0843096,16.670288,-6.97974,15.815025,1.1789628,12.29423,3.7069566,12.84157,-3.986659,9.629946,-0.8166494,8.382016,-2.4005606,10.850507
5,Sad,Normal,1.888,0.0012640548,0.0011198287,105.82120825873876,9.019088907039537,-760.257,90.15395,107.64747,57.906624,13.949988,27.960737,39.507668,30.332666,-2.7473872,23.707699,2.5951085,18.992186,-5.502463,14.43344,-3.7613642,18.033367,0.047192004,10.289243,0.37816787,12.583664,-0.65800357,11.713581,-2.8745973,8.851985,-6.1772847,9.537026
5,Sad,Normal,2.624,0.0011735434,0.001140695,54.56518293269061,4.346858442517107,-831.4185,161.34023,93.8866,70.884026,18.8686,23.581364,29.555777,22.816793,1.0378512,22.51037,6.0166264,20.61156,-4.5315256,20.378975,-2.4855237,16.155497,4.2683053,12.40371,4.9327083,12.765934,-0.78029853,11.235589,-0.24915178,11.582959,-2.3251655,11.696065
5,Sad,Strong,1.728,0.002208857,0.001837067,175.48480777859083,21.084307387424666,-727.86017,101.57564,114.528496,63.069645,14.232233,25.829329,32.51505,28.78413,-3.1209116,24.481224,-3.259403,19.491804,-8.962974,14.538926,-3.9364913,16.385885,-9.778662,10.162408,0.26654404,13.344007,-10.443684,10.089545,-3.6127365,9.407617,-6.0721745,10.047465
5,Sad,Strong,1.408,0.0027396441,0.0029447256,154.71988993609008,19.120267802023072,-704.7723,104.39275,97.789406,66.472595,9.927786,28.075388,35.997,20.61943,-2.3146055,21.483763,-3.2005315,24.251558,-12.728644,20.510073,-6.194859,13.387096,-11.214014,13.436211,1.9640142,14.004952,-12.056569,11.265689,-5.9405384,10.990058,-6.653579,9.084834
5,Sad,Strong,1.472,0.001841164,0.001583772,154.35966884000007,23.89034298694174,-748.1669,100.15366,109.398315,58.81796,13.330368,21.879921,43.23701,23.06839,3.6515148,24.262299,-5.278846,18.869715,-5.6335554,16.538221,-0.0062206374,14.437623,-9.465791,12.29618,1.867696,12.085379,-9.752347,14.314135,-3.4832532,9.092642,-5.668225,9.0236435
5,Sad,Strong,1.28,0.0027016203,0.0024080528,145.6385742516138,25.57462437117745,-698.09357,96.16437,122.98563,55.430847,2.9849215,29.026161,37.460815,19.235174,0.91204536,22.710749,-8.406568,22.517282,-11.708383,18.351408,-12.133081,15.074941,-11.906587,12.407183,1.6272789,13.247012,-10.366909,9.720531,-5.322216,10.576441,-7.2063456,9.134884
6,Angry,Normal,2.08,0.012877147,0.012714092,268.9634226272157,22.533923157380595,-574.8225,89.54652,68.4682,58.531082,-19.45707,45.247414,2.2941191,37.97448,-26.616182,37.105164,-21.373604,14.90912,-14.052849,19.540615,-22.05991,15.623448,-4.5241876,14.640859,-12.474339,14.492796,-11.217575,10.825688,-12.833269,13.494843,-10.108158,11.7863455
6,Angry,Normal,2.336,0.009921781,0.0081154,258.4406238116453,35.126054877183975,-593.8413,91.17576,77.05355,62.957146,-26.34076,50.85133,4.246095,37.262432,-29.58625,34.9641,-22.143347,17.1412,-18.036072,18.82101,-21.16891,12.767188,-4.0089965,14.632993,-15.402212,14.481134,-9.301339,11.318549,-14.878739,13.887576,-11.845,12.1354265
6,Angry,Normal,1.888,0.0067232633,0.0053258664,254.6985296487582,47.03258827331848,-620.7353,99.490944,80.15426,62.710384,-19.704279,43.32549,12.49878,39.474323,-18.182274,25.286001,-15.160145,21.31035,-15.731991,19.94242,-14.192884,12.749231,-4.7961993,14.893592,-12.773453,11.791525,-10.612018,10.446251,-10.876577,13.712394,-12.577242,12.506063
6,Angry,Normal,2.304,0.006476522,0.005859857,267.50128244151745,50.51583908428466,-636.7927,110.25463,75.61693,67.948296,-11.9475,42.347015,22.626835,35.065998,-16.336056,26.047022,-12.27783,18.897552,-14.888683,18.339195,-13.850723,12.703056,-1.3582609,14.429436,-6.5946736,12.714406,-8.4149685,12.162719,-9.900128,13.98807,-7.282288,11.591493
6,Angry,Strong,2.208,0.11635597,0.10779643,312.9024172864361,44.5649505653955,-377.18335,100.1693,33.644093,38.23994,-77.43239,45.22823,-10.871017,30.985533,-37.65596,27.942808,-19.512196,15.232875,-19.31344,19.676905,-21.033474,19.541813,4.709309,20.658247,2.9064405,23.257593,23.331284,28.197472,22.682957,20.577328,10.03767,21.187578
6,Angry,Strong,2.304,0.10471876,0.09444616,292.17415367820087,23.09653198577504,-382.43716,95.83471,29.433065,42.078022,-68.30706,51.48284,-6.9444523,29.033165,-34.56266,30.111414,-16.291578,18.110102,-16.580309,18.015818,-17.743435,21.333397,-1.1062051,21.209795,2.7360966,18.948631,19.786247,26.797155,22.0999,23.73974,13.029809,23.09484
6,Angry,Strong,2.56,0.085081644,0.078321226,334.79094494806395,95.04460898204744,-439.48206,94.2188,30.548985,39.3043,-57.399807,50.508408,-5.775703,34.71952,-37.743042,34.80955,-10.938662,22.564484,-11.40589,19.35106,-24.88496,17.889402,-7.6152763,17.438528,-17.914543,14.163283,-1.6478628,19.968107,15.724528,26.590782,31.297422,31.905891
6,Angry,Strong,2.592,0.08918205,0.07847424,404.14417686345473,79.00866119777939,-413.34058,92.39131,33.211647,37.888386,-60.859,53.11567,-14.833583,28.42073,-39.98425,31.101685,-19.44235,20.824827,-12.319321,19.550459,-26.433897,16.356789,-3.1420312,19.680773,-17.494904,18.045698,-3.0461223,24.306614,5.028627,23.744995,17.002604,25.324526
6,Happy,Normal,2.016,0.009017431,0.00740509,265.18535383116864,50.293582966798304,-593.1799,78.14364,74.175156,45.018593,-65.02164,37.838947,23.279331,30.195509,-30.423475,27.168169,-22.525135,14.243252,-24.20069,19.79723,-21.69186,15.296295,4.5362563,16.313063,-22.890858,12.333166,-5.215181,14.268928,-14.449789,15.222234,-19.154865,12.74128
6,Happy,Normal,1.792,0.0066992547,0.005532554,246.02046118658188,45.59664211952729,-618.14233,77.2726,96.44225,44.3837,-48.0986,42.690754,26.60147,27.409712,-28.916645,22.97862,-20.688738,15.473548,-26.24019,15.788622,-14.220616,12.836511,1.3466244,16.95453,-21.747538,12.913513,-7.461572,13.909328,-14.370123,14.862623,-14.129616,10.333095
6,Happy,Normal,1.632,0.0070727495,0.0051160487,245.2656984140561,42.06529738358751,-612.5636,99.793076,79.97243,48.627872,-45.973686,47.327404,17.43898,30.83302,-29.024004,29.275698,-23.421974,17.105389,-29.03872,20.184156,-22.138783,14.218475,-0.02231542,19.185991,-23.191263,11.656223,-6.3927703,12.517961,-15.706992,18.254581,-21.656893,11.282598
6,Happy,Normal,1.6,0.008644316,0.008693868,251.35600277179984,40.56070703176021,-603.2811,86.39851,85.00753,43.97055,-42.179733,50.970795,21.416977,32.474297,-26.441551,28.448425,-24.257381,15.622882,-23.857958,18.87221,-22.855413,12.796295,2.9416978,18.40729,-18.7846,11.641447,-9.275822,12.819356,-14.535158,16.104445,-18.118584,9.550945
6,Happy,Strong,1.856,0.04393394,0.035795953,301.2129263895186,54.571661132722745,-479.22458,79.1893,15.468618,28.743052,-81.59044,43.40099,-2.5679066,31.565031,-34.747433,24.182144,-32.517464,17.883596,-24.411375,20.191488,-26.898726,17.665144,-2.0888946,16.590302,-13.311691,20.196352,18.736668,24.811241,29.750357,24.390503,32.276276,31.52659
6,Happy,Strong,1.952,0.0450262,0.04104163,321.0652279754801,35.45009251417453,-481.7686,79.03906,12.538342,24.960245,-69.494965,40.764427,-0.64219975,28.016485,-24.559109,25.3599,-39.100456,18.42608,-17.185295,18.3877,-18.94481,21.04402,9.152736,20.384523,15.015681,26.740618,33.025112,28.56789,32.907597,25.628426,3.0013263,26.817457
6,Happy,Strong,1.76,0.05381122,0.043421585,298.1872719027764,45.65434974883367,-463.15326,80.80424,22.685486,28.919851,-79.62541,46.798058,-7.5807624,25.487963,-37.850758,21.708637,-35.80307,19.414097,-22.1912,23.423218,-25.957521,15.239937,-0.08179814,15.763996,-13.018703,19.4994,17.227083,24.788765,26.362614,22.250513,31.487701,29.568775
6,Happy,Strong,1.952,0.039787646,0.03711476,303.0680743384853,58.78859323342029,-486.39673,76.22971,9.926573,30.697487,-69.483894,45.70231,-4.233276,31.43487,-27.84385,20.827667,-33.2001,17.397753,-18.444004,21.64714,-25.432478,23.362167,-4.69496,16.237604,-10.21766,15.577753,10.684071,24.706991,31.096142,23.937706,26.388605,31.546614
6,Sad,Normal,1.824,0.001793351,0.0013392748,226.49286847758023,17.35016067254823,-761.96576,86.52575,93.44132,57.68345,0.4405088,29.572983,15.6880045,28.740692,-3.8017688,22.619104,-16.408257,18.965567,-22.389145,14.938491,-8.528013,14.747727,-7.42933,16.517231,-6.0651116,9.483042,-12.952858,10.20336,-8.453021,13.38235,-12.094568,9.485627
6,Sad,Normal,1.696,0.0029357413,0.0018402707,226.0520816278303,19.53351814093315,-722.8198,78.081406,102.754745,55.33475,-4.9904327,38.85578,13.080104,30.281353,-7.4873667,20.922113,-22.337498,18.541315,-26.00311,15.237172,-15.294658,11.712022,-8.272372,13.291074,-12.040654,10.472017,-10.710041,11.072583,-11.500156,14.548654,-15.6239805,7.0751953
6,Sad,Normal,1.696,0.0036801065,0.003043607,235.08833587702256,26.819611314006966,-702.201,83.69101,98.87051,57.29354,-8.297972,39.706234,8.939394,27.81955,-13.946463,25.125292,-22.156868,17.73219,-26.925941,15.252489,-16.75671,13.005602,-7.084212,16.40845,-13.779278,10.151057,-10.169156,13.085697,-13.800451,15.017388,-17.164536,11.105616
6,Sad,Normal,2.336,0.0015358533,0.0014273977,231.61899440651428,21.2693919653975,-788.6507,105.00112,78.13779,63.144382,-6.903059,28.866955,24.257948,31.78736,-8.626116,20.551842,-18.15234,18.296934,-18.922783,16.388714,-7.8900633,15.505245,-5.904359,15.822771,-9.573444,9.562158,-11.923159,11.016413,-4.6167316,13.407059,-11.339165,8.601202
6,Sad,Strong,2.784,0.0150095215,0.015241899,439.5770582323767,15.073632969633454,-561.39886,89.482704,21.530054,32.682327,-51.668682,41.384457,16.00872,25.022354,-28.38807,21.109234,-19.510305,15.633633,-12.370409,18.228718,-21.432915,17.758547,6.500745,17.97654,-19.292555,19.675688,-0.43638343,28.26127,5.0732903,26.141617,6.668135,21.923964
6,Sad,Strong,2.912,0.0062991995,0.0061161616,338.0310799585148,36.02955020628546,-621.8447,84.88108,34.407055,53.473576,-38.460373,36.53719,12.047915,27.982899,-29.880093,26.651537,-30.66132,16.806738,-23.622438,18.48022,-25.474821,17.562014,8.58256,16.19571,-21.081121,13.42328,-5.0005126,20.590633,-5.062875,24.459631,-12.387784,11.718918
6,Sad,Strong,3.328,0.0012654592,0.0017628983,421.05629215527375,52.15529810333353,-817.1568,154.25374,36.724785,49.731964,-16.64068,32.021233,9.418928,28.858152,-17.231867,22.329966,-12.579061,19.992624,-14.05917,21.015942,-10.349021,16.879814,3.8388326,14.424915,-5.202416,14.068456,-1.9784088,12.613271,2.7469223,13.523311,2.039743,12.444908
6,Sad,Strong,3.104,0.010856776,0.014830774,453.6457598134792,24.19209411293256,-573.8703,117.24324,33.311745,47.429527,-29.052603,37.488117,2.6371784,27.2054,-23.070004,23.426847,-14.37896,15.786593,-14.920157,16.170465,-14.725963,17.720896,-0.14029892,15.411173,-16.865717,17.780102,-8.208969,17.253798,8.347173,16.720043,11.786972,21.75348
7,Angry,Normal,2.144,0.022291962,0.01777212,188.543023028005,21.63220807870861,-484.8984,106.752716,90.657425,56.84226,-11.8338,36.686558,37.910183,36.71299,-15.370802,32.836746,-3.7784464,21.515686,-10.320707,22.645473,-16.667274,16.191107,0.9239729,19.544903,-2.923021,14.135493,-9.511238,13.26819,12.049929,12.150786,-16.090126,13.383926
7,Angry,Normal,2.144,0.018604496,0.015549433,158.57597718300468,38.59166137229255,-511.4633,104.63516,89.6746,66.92777,3.4406981,38.645306,34.326767,38.93029,-16.268198,38.055367,-7.7339096,21.012205,-16.101778,18.385445,-12.2343,16.632805,-2.9761333,17.009642,-7.0985737,13.7338085,-3.6934059,12.0399885,1.6683452,11.875186,-14.835561,11.930063
7,Angry,Normal,2.144,0.049206544,0.042768627,257.8841897439371,30.64390467056973,-420.1574,103.03734,74.724884,47.31449,-17.215849,37.35334,33.12192,37.315887,-17.327871,30.477636,-13.833598,23.76253,-5.2116904,20.7161,-11.652471,16.310127,0.62199616,16.236118,-3.8948264,15.682023,-8.236601,11.5534315,5.2348514,11.759235,-14.616304,14.302977
7,Angry,Normal,2.144,0.0077134375,0.0066367686,117.39799475228644,18.22851736933612,-598.4916,107.63139,94.271095,74.556786,8.10713,39.64732,35.993397,38.21247,-4.2585278,38.415607,-3.3031502,20.808205,-11.469963,18.864967,-12.360504,15.578768,0.56439483,14.534643,-4.689965,13.774774,-3.311035,12.326819,11.254306,12.30482,-13.743118,14.179939
7,Angry,Strong,1.696,0.04351488,0.039864644,216.9638453071468,20.824362009417744,-400.04858,98.1313,78.684456,49.466652,-12.673481,37.395706,40.05666,38.66559,-4.1321073,27.867596,-18.52873,25.662167,0.9164147,18.86697,-11.126234,16.67806,-0.054349564,14.539372,-0.5788226,10.984893,-7.52058,12.342073,6.976561,11.425616,-12.15759,14.338491
7,Angry,Strong,1.92,0.12582955,0.112717904,371.7636289586577,62.97799017985472,-328.28705,95.64836,39.683056,50.564083,-35.83026,42.6974,17.058798,28.499792,-27.535707,36.636105,-23.53463,27.31245,-9.172484,22.924831,-29.626757,15.776353,-3.265323,16.707687,-10.70386,14.268455,-11.879135,11.166941,0.5433781,12.915904,-10.514313,18.233685
7,Angry,Strong,2.112,0.0772225,0.081082225,272.4505214159751,68.9665444862577,-374.7963,109.27857,59.377583,46.54726,-14.045276,37.61391,36.03141,37.42415,-10.513195,35.229557,-18.622406,28.182209,6.321999,17.238604,-10.700178,18.758526,-0.71323097,13.986074,-1.2548176,11.138486,-5.89343,12.72885,6.1466684,9.803414,-8.970941,13.443006
7,Angry,Strong,2.432,0.09554984,0.084654346,292.32637770650643,42.62267608846419,-370.8561,124.968605,50.514698,51.528572,-22.792341,45.414642,25.06946,33.098183,-15.519663,37.666286,-18.386322,28.993374,-3.3329885,23.030773,-24.496607,17.93513,-2.9358625,11.699801,-3.0902336,14.915297,-16.618935,12.837255,2.201274,11.438578,-11.505092,13.165511
7,Happy,Normal,1.696,0.0065961494,0.004634853,148.2366942131612,25.852899597408435,-606.5356,90.05135,117.028076,53.568947,-9.741358,31.415071,42.41833,30.14969,-7.2823343,36.281544,-8.612438,19.249727,-16.757875,17.890285,-2.139954,14.543319,-4.8913784,15.231718,-12.556613,13.315024,-3.134755,11.970415,-0.10703408,11.7035055,-9.790011,14.318939
7,Happy,Normal,1.568,0.008353397,0.0054776534,171.90714081248117,35.96789703548731,-587.6684,90.52709,113.72159,56.10519,-10.971272,33.774017,31.21388,28.49998,-8.578942,36.827766,-15.779465,19.350126,-21.433294,19.961874,-9.983288,16.413761,-0.08009679,16.029428,-12.838975,14.239419,-2.5976703,14.360261,1.2309473,12.061009,-14.643372,11.855501
7,Happy,Normal,1.728,0.0036655199,0.0027670136,117.35684392568754,15.381998924557465,-650.7503,95.584854,113.81685,53.485657,-10.023406,34.11944,41.030907,30.399576,-2.3639748,36.087708,-6.9731574,17.270102,-14.810867,18.881453,-2.4239209,14.473245,4.6659107,17.07983,-5.7246127,13.964765,-1.0301694,12.476297,6.1357307,11.082442,-10.361627,11.831362
7,Happy,Normal,1.568,0.008353397,0.0054776534,171.90714081248117,35.96789703548731,-587.6684,90.52709,113.72159,56.10519,-10.971272,33.774017,31.21388,28.49998,-8.578942,36.827766,-15.779465,19.350126,-21.433294,19.961874,-9.983288,16.413761,-0.08009679,16.029428,-12.838975,14.239419,-2.5976703,14.360261,1.2309473,12.061009,-14.643372,11.855501
7,Happy,Strong,2.304,0.035333343,0.027575864,256.33083279609565,16.183585678135046,-474.124,123.37263,74.98639,51.19852,-12.578276,34.31805,20.690641,33.30751,-1.4248234,41.24657,-25.940298,25.45787,-10.35102,19.057896,-9.872193,19.621117,-7.6083355,15.573053,-7.6226377,13.839173,-17.07937,16.504505,2.8214326,11.54468,-18.653812,17.058619
7,Happy,Strong,2.88,0.018970396,0.014264202,199.5100611865006,47.29355460099667,-536.3893,144.71188,89.00865,49.88284,-21.341413,43.3312,32.23477,28.547169,-8.086918,39.671432,-15.555497,26.52663,-8.741866,21.782598,-16.09315,19.55374,2.4458609,16.686222,-8.853629,14.198742,-6.9014316,15.110174,2.599543,13.235238,-12.215454,14.345198
7,Happy,Strong,2.848,0.021607134,0.018108644,218.53291406938985,32.97119809886036,-525.74976,141.19139,85.885925,45.899246,-10.861063,34.13254,28.290943,29.539095,-1.7090311,33.446533,-16.206476,25.501175,-6.774442,19.160954,-10.439452,20.44746,0.4779102,18.29333,-2.9794917,13.618868,-5.348476,17.148788,6.830116,11.912623,-10.919238,17.871311
7,Happy,Strong,2.368,0.02874675,0.02335558,249.3557818726454,27.51598706321225,-465.62408,99.79697,81.738686,49.145256,-11.123263,28.231844,25.73994,32.632427,-6.6598935,35.59649,-21.431889,26.212831,-6.7351537,17.28674,-8.657661,18.24018,-3.7463772,16.50441,-7.1911197,14.718805,-10.32788,15.628576,0.29336149,11.955503,-11.318228,14.612795
7,Sad,Normal,1.696,0.002889273,0.0024035666,146.34022602713446,19.023145073978228,-714.4877,93.98541,115.86489,64.63615,5.763189,32.147717,31.643803,27.7647,1.2501829,32.912212,-4.5676184,18.714989,-13.638623,19.20582,-10.918108,15.053097,-6.205211,12.08571,-8.261667,11.382543,-9.348008,12.80752,0.5810332,11.522668,-10.209683,11.889257
7,Sad,Normal,2.048,0.0070252344,0.004232423,145.10438196246074,16.107764625999803,-604.45966,92.92401,113.64816,68.71859,-2.1687462,36.558952,38.147606,36.71006,-10.631359,35.442142,-10.580668,19.947996,-14.403726,16.713327,-19.556774,16.318691,-5.536764,12.15876,-10.488378,13.260981,-0.77524424,13.894565,2.2715392,10.689182,-18.822584,14.593127
7,Sad,Normal,1.76,0.003181875,0.0024511248,136.28210344883428,20.15851819483982,-695.8997,89.92315,120.71515,67.37059,12.024544,28.965326,28.962284,30.252125,2.32997,27.251657,-2.0632613,15.761979,-18.317087,18.66995,-12.830376,14.768139,-3.7723591,13.645386,-9.342465,13.843285,-9.016978,13.00435,3.507978,10.800892,-13.984844,12.517505
7,Sad,Normal,1.728,0.0030882442,0.0028860907,112.02206500200514,9.331848865613148,-696.68335,96.115486,124.669044,58.957813,6.0672126,32.623325,41.621273,30.963877,0.39790457,31.48485,-4.4713607,13.360995,-10.894014,17.53199,-12.175137,16.843073,-4.480479,13.281882,-9.257256,10.561558,-2.6560616,16.903269,4.280217,11.309817,-10.650203,10.136635
7,Sad,Strong,2.496,0.00506587,0.005667445,168.6735049463307,28.44241327602509,-674.247,128.2084,91.713135,63.929867,-7.361833,30.965525,31.722248,28.005276,-1.9629409,31.44435,-26.978273,25.897905,-9.45534,14.15216,-18.480211,19.467365,-15.4404125,14.180571,-10.064664,10.140042,-11.226468,14.853162,-1.73563,12.272344,-15.014052,12.372838
7,Sad,Strong,2.8771875,0.005071024,0.0057227956,198.40872685274,34.46639234823906,-696.7732,130.53105,88.48111,58.399525,9.537296,30.16078,33.039577,26.498611,7.384565,32.37867,-10.2489395,28.50174,-0.7915204,18.002756,-6.1620135,18.396141,-2.2519445,15.192182,-1.0621054,12.693292,-8.379851,15.857159,5.951006,12.882637,-5.6692333,13.738035
7,Sad,Strong,2.677,0.0081642745,0.009761748,175.03664721368312,43.59498824517202,-652.13727,112.81344,72.085526,66.30502,10.915576,28.409306,21.303823,24.172066,8.523131,28.847935,-9.453863,27.310066,-12.716467,16.029112,-8.458606,17.228502,-9.220832,13.382147,-7.3214083,11.379183,-8.44105,15.997234,3.4735162,13.345435,-10.26385,14.960713
7,Sad,Strong,1.984,0.009437543,0.0074164257,170.1387874672386,25.527546897759574,-593.8084,77.808464,99.02772,69.11373,1.5577072,40.014793,32.230675,33.796173,5.56854,34.27918,-29.358109,24.67224,-14.032121,17.571283,-22.566141,19.390678,-14.405857,10.738345,-6.438273,11.107172,-18.991314,14.488828,1.3378544,12.107454,-18.176523,10.08424
8,Angry,Normal,2.624,0.011494045,0.015026223,190.45285456787516,80.58231901798939,-640.1064,155.68655,69.00115,60.31854,7.3931155,32.617237,19.376211,31.910946,-13.076929,27.775656,10.836392,16.217825,0.12808216,16.297857,-2.600343,13.504229,-4.887383,12.539031,-0.46008486,14.037428,-3.153623,10.088657,-0.03380663,12.439024,0.13667361,9.114038
8,Angry,Normal,1.44,0.016006904,0.010100201,207.78096259354672,28.798367514996976,-551.2359,90.75917,99.9071,72.14632,13.347775,38.957,20.507435,40.004993,-25.285852,30.999357,7.813985,19.516443,-11.6360035,16.63469,-16.92441,14.739403,-16.125935,15.264868,-13.291258,13.854779,-13.677401,12.866331,-7.6726274,12.774749,-8.904745,11.191968
8,Angry,Normal,1.632,0.018717023,0.014237934,250.03204978575872,34.16655308577046,-533.68634,97.60987,101.31792,59.351833,-10.136835,40.688507,24.524399,40.076515,-20.61611,28.759085,11.158151,20.646154,-11.191123,18.333128,-10.814208,13.734266,-7.1945257,16.146576,-7.607243,18.358513,-10.915827,10.970098,-6.823199,13.044605,0.494692,12.41096
8,Angry,Normal,1.536,0.01863248,0.010974424,223.0822280994147,32.59095325945151,-548.05035,89.52502,97.69261,77.1125,12.371523,38.13924,20.821692,35.675156,-26.30836,34.14163,5.6524916,18.258352,-11.283945,15.596764,-17.821463,16.451038,-13.322557,13.35857,-11.971103,14.560997,-15.117616,13.247788,-8.807045,12.292746,-10.193141,10.062016
8,Angry,Strong,1.568,0.04562012,0.034642857,282.89068796910334,33.8046906574803,-458.11157,92.75685,75.487915,58.95754,-8.252567,42.29183,9.614003,41.677658,-37.675648,34.39596,9.399397,20.665285,-19.311754,19.173529,-17.062216,15.819872,-13.662705,13.201311,-11.752049,16.627687,-10.974111,13.483972,-9.741858,13.01048,-6.9555774,11.970809
8,Angry,Strong,1.632,0.046882525,0.04057457,300.0257562848024,47.90281440812758,-461.5798,104.25764,72.610954,54.09903,-11.623292,50.664875,13.757274,46.441826,-38.061356,38.05186,8.965053,20.11637,-14.030855,17.20713,-19.146807,17.620743,-11.518956,14.982346,-13.229022,16.696974,-9.31142,14.000338,-10.952815,13.194855,-9.009416,12.883213
8,Angry,Strong,1.696,0.09866364,0.10164289,352.91822436650943,57.55961200970955,-372.72058,95.20296,58.09729,42.481327,-27.5463,46.503616,17.419918,38.34569,-39.574707,31.68914,8.064674,19.30412,-3.7929268,16.469162,-11.648125,18.675673,-8.322274,14.669938,-8.047807,17.20888,-9.373575,14.240456,-8.4188,15.621008,-5.6303535,15.77767
8,Angry,Strong,2.656,0.030207347,0.034549326,304.5946650266394,53.19679197094615,-537.0484,141.98495,66.54127,58.434437,-12.409543,40.07945,10.43293,39.767437,-23.4833,30.754688,11.048352,21.249292,-3.242778,19.51187,-11.286329,14.511113,-4.684988,11.972231,-2.3299334,17.54714,-4.671754,12.201456,-3.2691054,14.302596,-2.1701682,12.569402
8,Happy,Normal,1.6,0.0074100583,0.005283124,207.34118408064128,39.40578707657741,-602.2135,86.025894,102.90839,48.947933,-19.619373,48.555893,41.663147,25.01422,-16.003895,21.107983,-6.1722417,19.018526,-19.970764,16.784454,-8.381986,14.691715,-9.988195,16.959217,-6.7155347,13.353168,-14.983553,13.841015,-8.136935,13.072789,-6.6638403,9.601476
8,Happy,Normal,1.632,0.0070777265,0.005300355,220.7020520344988,38.49445187533123,-605.6028,93.98741,107.514305,54.43415,-24.570045,45.65877,35.43477,26.31675,-15.090353,22.953032,1.0143944,20.969584,-18.655327,15.206746,-3.287451,15.104989,-6.4607162,16.67732,-5.4823146,12.962316,-11.958596,12.50672,-6.721857,9.891813,-5.2561483,11.5050745
8,Happy,Normal,1.536,0.00969628,0.0078051477,209.1410737347163,32.99009641559605,-582.3093,91.14546,100.13076,49.028004,-21.345154,46.950638,32.893818,30.429022,-14.28884,26.287851,-7.439872,17.682592,-25.521141,16.006645,-10.128827,13.751022,-12.920999,21.566368,-11.332476,13.278775,-9.865866,17.655865,-9.194332,10.196852,-6.857135,8.777167
8,Happy,Normal,1.568,0.007764587,0.005796828,206.9507696815454,26.8025491794684,-609.02094,87.34575,107.58785,50.773457,-13.836177,49.091873,37.894226,29.42967,-15.684375,30.10373,-3.2215545,17.430855,-21.250502,17.895515,-9.316038,14.733045,-10.127065,20.15843,-10.778592,14.378373,-12.454316,15.1899,-10.030526,12.641351,-6.391662,9.920614
8,Happy,Strong,1.92,0.020738123,0.01656864,255.11640664040937,38.10610625802308,-512.8221,92.220505,79.09472,48.074165,-27.001675,46.959137,34.544975,31.937683,-21.631712,33.58954,-6.963189,22.103355,-18.953035,18.927732,-11.155859,15.612692,-10.033223,17.686117,-17.85066,14.845915,-7.850529,16.481752,-13.938481,15.702766,-8.679292,10.832481
8,Happy,Strong,1.824,0.020988608,0.014580474,257.3075443536572,49.35882726531997,-523.088,96.18405,95.85547,44.35077,-28.745752,46.091293,36.393135,27.674715,-20.079657,31.34024,-1.9666883,18.376743,-13.585542,18.085009,-6.5335593,15.920669,-7.6221075,18.454903,-12.241425,16.021143,-6.576246,14.161087,-8.552503,14.04343,-3.4824286,12.183766
8,Happy,Strong,1.92,0.019514479,0.014692429,235.7240376918865,45.62011436287403,-521.70337,90.9187,90.30737,46.988556,-19.313831,43.584023,41.153366,31.814556,-13.91851,27.698135,5.858486,17.827646,-4.540429,17.007122,-1.0915143,17.173084,-3.9918203,15.997213,-8.592204,14.727133,-3.6057248,14.169773,-6.410141,14.164452,0.21568385,14.4583
8,Happy,Strong,2.528,0.013108706,0.013048562,256.29040374106603,36.858841743454654,-603.57043,134.5222,74.099106,51.340584,-24.420275,42.18674,29.312689,30.053366,-16.003437,32.589874,-6.3160124,16.709589,-16.467379,19.413258,-10.193462,14.459662,-4.6579676,20.471458,-16.656384,14.713008,-11.084073,14.893644,-10.760202,18.465218,-5.7287264,12.690194
8,Sad,Normal,1.568,0.002984321,0.0020632155,216.39499264320105,11.775253958352202,-716.66876,83.03253,96.262566,70.835655,11.819873,41.858727,26.853092,29.643406,-4.303008,24.797195,5.881477,15.491608,-18.808697,14.271437,-12.558584,12.680326,-3.5973282,15.508783,-6.9597116,12.180432,-15.041395,9.773714,-4.483431,10.800282,-7.0256085,9.137441
8,Sad,Normal,2.176,0.0027002986,0.0024661783,225.40635486082337,26.425597594901426,-752.4465,126.76409,90.42703,54.234043,13.031072,38.136322,29.902397,28.675009,-0.6929803,24.739037,1.0167766,16.76211,-11.398115,14.670711,-7.3403654,11.835073,-9.090134,14.083063,-4.9691286,15.312521,-17.014402,14.100969,-0.49218974,10.325184,-7.69653,9.4405985
8,Sad,Normal,1.856,0.0026933262,0.002066141,196.48705126947485,16.699784936953737,-728.4785,103.48575,107.86177,52.032887,5.566762,38.964645,32.69822,27.942766,-5.701784,26.573574,3.6450255,14.844177,-15.446376,17.060867,-5.766492,13.509609,-11.693413,13.664469,-7.1504884,13.233896,-13.993217,12.897969,-1.3549726,10.212673,-4.602726,9.030076
8,Sad,Normal,2.304,0.0020832252,0.0020352034,162.7005128807856,71.64156475589022,-790.9495,148.76534,92.42365,61.012093,12.047881,32.83793,22.811178,25.164902,3.401802,26.412874,5.4661026,13.887581,-12.341992,13.465212,-7.7340837,13.658047,-0.17432591,15.093878,2.2974703,11.457298,-13.647157,13.305439,0.69675434,9.943225,-3.4980755,11.819926
8,Sad,Strong,2.88,0.0041299895,0.0053878482,294.3203306124179,47.87373518208171,-744.4721,136.5338,77.02855,50.348328,-1.154965,34.101444,29.047829,24.393023,-2.0146713,26.279509,0.06712051,15.830925,-15.610169,18.225035,-14.247898,17.595543,3.4620116,15.571403,-8.753176,17.241734,-9.461862,12.211401,-0.99544835,15.008444,-1.9649576,13.412248
8,Sad,Strong,1.6,0.0067391708,0.0041939844,268.98875565654697,28.330491634543847,-650.2316,86.170235,100.73362,62.7856,-8.691623,38.474228,30.08047,32.07374,-12.864855,27.428576,-6.77597,18.384068,-21.882324,18.18612,-20.933304,15.665134,0.32254994,15.668688,-19.392286,13.239451,-14.919668,13.338158,-9.677327,15.770467,-8.342964,10.550846
8,Sad,Strong,1.568,0.0070315683,0.005027058,267.69484116687346,34.80696275503,-660.65186,82.15865,109.95698,50.655685,-6.754588,37.046413,35.270035,30.694477,-13.950765,25.441374,-5.505008,19.011667,-19.888668,15.821302,-16.034294,13.974383,-3.2431571,15.765477,-20.471731,11.713949,-13.623918,13.004331,-13.363994,15.253536,-9.9755,9.591987
8,Sad,Strong,2.74375,0.006263926,0.0051939106,303.4276553469057,57.29332830649227,-738.77374,133.5674,87.21749,52.569542,8.866414,42.659653,29.544239,25.87118,3.595936,33.807854,5.0172167,20.342215,-17.008835,23.41922,-15.539503,22.70724,8.482961,17.317389,-6.8011765,20.654186,-8.535285,14.644902,-1.4529079,16.202051,-0.011020064,15.762191
9,Angry,Normal,1.696,0.0076754233,0.004589741,126.63004526843154,12.69740703309522,-587.383,99.3381,109.36955,81.224724,-12.649985,39.922813,45.064434,23.478565,12.312573,18.981052,-11.903293,30.06697,-7.449904,18.794716,-22.864864,19.376434,-6.2637086,13.014395,-4.1838336,10.882896,-15.870855,12.848023,4.8048697,8.769505,-7.298878,11.825334
9,Angry,Normal,1.728,0.0037307583,0.0032521263,98.76451418886036,9.754877364893696,-659.3756,110.31328,109.6614,60.76173,-3.0703936,32.459114,44.87495,25.99,20.224064,23.0597,-4.437113,23.641476,-7.551227,16.095434,-9.72731,13.427932,-2.319367,13.680701,-2.642169,14.134359,-4.355685,12.574698,5.0858097,11.34361,-7.6429915,11.553141
9,Angry,Normal,1.856,0.011130251,0.0070653227,132.01181849853447,11.1455810554433,-557.3378,90.90697,112.219734,85.04483,-21.38128,45.235153,42.639595,23.855925,11.260592,23.303278,-12.927681,32.23951,-7.6885085,17.211727,-25.78214,19.473475,-9.319168,14.298174,-0.5210156,12.277054,-17.516102,13.496507,4.906832,12.094059,-1.6876948,13.846112
9,Angry,Normal,1.856,0.002375007,0.00200639,96.78094901219684,12.066845324691448,-707.2468,100.070335,112.22965,53.258,1.9656786,36.15154,47.17827,25.302668,21.658571,24.834532,-3.9239128,19.1128,-3.5919209,18.489521,-7.8562202,12.712054,-1.7359139,12.57567,2.3682868,14.275814,-5.1259966,13.465078,6.144421,12.9091625,-7.1683817,11.725063
9,Angry,Strong,2.08,0.10303198,0.07955188,351.750216985111,25.94343963264979,-326.2343,112.56378,71.93381,65.04647,-37.059185,48.984653,9.127911,17.076586,-19.555168,30.532425,-11.475658,29.677048,-15.251837,19.121904,-1.1650847,16.612677,-10.421105,13.65122,3.3073761,14.864067,-5.901264,14.50706,-0.02170497,10.046228,-6.924674,11.354322
9,Angry,Strong,1.952,0.10356193,0.08609155,342.13400837866936,27.97308349075427,-323.28516,121.22025,81.2087,46.774857,-35.42991,37.299328,18.131058,26.548883,-11.242699,32.938137,-20.759985,24.265224,-8.812814,19.008121,-9.183574,15.766851,-7.103093,12.984558,1.9223175,14.62445,-6.786674,14.358516,0.038737863,11.060414,-9.497627,11.864208
9,Angry,Strong,1.888,0.08473847,0.06469594,0.0,0.0,-332.06937,120.12845,86.062645,48.803154,-40.365677,38.144333,16.797518,22.405117,-15.646327,29.933048,-19.015556,24.940792,-11.056754,18.52757,-11.0904045,17.540064,-9.444457,12.644628,0.51717466,12.348682,-5.618191,14.277824,-3.84282,11.473378,-7.171212,10.83609
9,Angry,Strong,2.464,0.10420266,0.08732,342.5699257985843,50.83910024606544,-340.33823,131.48294,65.87718,54.210953,-29.818937,46.44618,11.623487,19.43316,-15.364851,32.871063,-22.442184,33.227203,-16.477695,21.728449,-4.5369678,19.198479,-15.552264,16.045704,-1.1434882,13.206996,-6.25415,14.600573,0.02891905,14.169236,-7.577631,12.852286
9,Happy,Normal,2.336,0.0022265217,0.0023390444,97.05691748169372,9.731334271637447,-777.06256,134.22125,126.45935,58.003376,15.088491,34.766315,32.56517,21.855732,18.410828,15.800621,0.7786007,16.853779,-4.707904,12.656332,-12.201159,17.092422,-5.6955953,9.847313,1.9615257,9.493028,-3.3467038,10.661904,5.5061593,9.215387,-2.6998825,11.837484
9,Happy,Normal,1.696,0.0053535434,0.003927992,128.27160173108018,16.778223593360426,-641.43756,103.84869,131.68333,62.97281,-12.461488,39.198616,42.879498,24.835125,10.093055,28.940239,-12.351643,22.293264,-11.888201,13.666784,-9.292988,17.671227,-2.5666394,11.290672,-3.9003246,10.101753,-11.466932,12.82709,-0.1594811,11.140106,-3.3207653,13.197366
9,Happy,Normal,1.504,0.0041665677,0.002593854,103.3117274514766,13.954919432811188,-660.33734,97.57576,123.67243,81.21228,2.1354036,41.73807,38.373955,26.52702,19.415087,19.79981,-5.771617,21.72872,-12.776024,16.200298,-9.164446,15.330768,1.8075646,13.04908,-8.6884365,13.578803,-4.8147926,12.29478,0.6418764,11.054034,-7.8706903,12.52887
9,Happy,Normal,1.6,0.0067508575,0.0043910835,118.98168973203224,7.861703041226238,-612.5418,87.15342,121.531265,80.20696,-8.572401,50.10113,43.32639,23.263367,8.945992,23.405876,-4.977199,23.901197,-18.217096,17.42204,-19.65425,21.238924,0.8546428,10.618505,-6.4871316,10.652085,-13.619847,12.3376465,6.698973,13.377677,-9.896457,13.711392
9,Happy,Strong,1.952,0.03452233,0.0295426,266.58759073160826,70.17010404017942,-490.79105,85.26786,96.912704,50.270947,-28.252268,43.826298,22.475677,27.750301,-6.5902324,33.195988,-34.25915,25.985611,-16.526064,16.163902,-21.62461,18.145908,-14.813245,15.750269,1.9303766,13.07818,-13.702711,12.222835,-4.0327716,11.862155,-6.4073176,11.561339
9,Happy,Strong,1.664,0.043470927,0.030831384,240.43098443447832,18.19152667518518,-427.3347,83.97287,78.33638,59.54302,-20.96679,44.931297,27.004454,18.779673,-0.15044728,27.947844,-25.666527,33.50312,-10.676183,20.112362,-26.734325,19.212471,-11.021406,11.552688,-6.4388056,10.484568,-13.031615,13.341342,2.1330616,13.563363,-4.230742,10.00604
9,Happy,Strong,1.664,0.028712187,0.025156682,202.6846645199892,25.961173094109743,-501.38528,84.18215,106.81852,66.69716,-14.717534,49.73696,27.087072,20.872198,-0.8324916,32.37609,-17.074835,27.4652,-15.131051,22.376915,-27.162724,19.55681,-14.279879,11.4650955,-4.6768627,11.696451,-14.522601,13.472845,4.519629,12.404995,-8.580386,11.699945
9,Happy,Strong,3.2,0.018291224,0.022730062,256.86079028807643,53.139316015653066,-586.4974,132.13277,91.380745,54.598404,-20.798246,40.124916,17.820189,19.856192,-6.408061,28.267956,-27.626642,25.822533,-8.581109,17.801432,-17.903856,19.613018,-13.902464,13.641393,0.05978132,10.414969,-12.02367,11.252865,-2.2614563,11.020311,-4.7626567,11.72412
9,Sad,Normal,1.728,0.0007618535,0.0005285336,88.42283342657907,7.879364837852254,-835.3567,87.29802,97.46798,65.40895,32.38992,19.941618,39.43344,26.198133,22.167742,13.312514,17.210144,13.005483,-8.6893,12.544758,-3.0062828,12.053329,8.800628,11.335888,1.7693021,9.394561,1.1923034,11.166689,6.579602,9.566002,-6.685271,7.9801006
9,Sad,Normal,2.176,0.00048632163,0.00062737684,80.94817820889273,12.942570958812606,-907.0157,140.25093,82.652,58.55823,14.45493,22.617851,34.20339,22.858887,18.405495,16.803596,9.649298,14.385692,-8.050412,16.119234,-3.6088967,10.262784,1.2595003,11.9530735,2.149844,11.18905,0.9202757,9.943493,5.273933,10.592497,-2.9177449,9.164745
9,Sad,Normal,1.376,0.00075551134,0.0009487804,87.1895263405442,9.206961099373595,-825.4881,97.26916,89.76483,43.551895,15.990832,29.053411,41.43164,24.762182,20.447102,14.434213,6.7762027,15.011832,-14.074971,15.678389,-2.6543572,14.173024,0.4778939,11.144595,0.70017314,11.997433,0.7386678,11.56075,3.7170737,12.321804,-4.928079,8.948448
9,Sad,Normal,1.472,0.0012793017,0.0012081792,89.7714185334979,8.13949340325163,-776.2729,93.31396,93.70266,70.90767,19.287294,35.638885,37.230145,26.142096,20.211456,15.777064,15.232198,17.958838,-13.387637,13.686639,-8.245487,15.065673,2.3817813,12.219114,-1.1194574,9.886224,-3.8226037,10.459107,6.017769,11.570097,-9.054056,10.256722
9,Sad,Strong,2.656,0.0014082976,0.0013524244,103.09411305511452,5.9309231564208975,-775.21814,100.75221,98.48746,61.679813,10.708538,34.46547,37.83317,17.7505,15.044885,21.395292,-2.8569624,19.36272,-12.885126,20.802143,-10.802771,15.875273,-7.051598,12.043564,2.245741,9.515071,-13.795381,12.562481,3.9361424,12.893219,-2.8053126,10.697156
9,Sad,Strong,2.72,0.0012372613,0.0015786043,0.0,0.0,-782.1836,116.730606,76.57595,52.058796,2.9506364,33.459755,37.053406,16.528889,15.824619,19.241089,-6.7714067,17.732456,-11.793318,16.541348,-4.9352465,14.831121,-5.609893,9.839816,-1.2523155,8.716324,-11.877723,10.628174,-0.23853149,11.420566,-5.1116676,9.250767
9,Sad,Strong,2.272,0.0020852347,0.0016395915,157.75353532831966,11.29336687496587,-758.3237,107.60818,88.69312,75.5039,10.049124,32.825466,37.675053,18.567142,14.347894,17.736189,-3.9015112,21.897928,-15.388333,17.156342,-11.485645,16.690252,-5.4299474,12.701372,-1.1390641,8.049541,-19.552965,12.48657,-1.0432278,10.281291,-6.054015,11.630835
9,Sad,Strong,2.272,0.0021068633,0.0018656605,179.3814808746203,40.51531443630855,-736.297,104.162674,98.85336,65.49512,12.043542,31.243782,44.185898,16.924067,15.979509,18.45554,0.8242527,19.32521,-13.547231,17.447607,-14.944372,17.335823,-5.091769,10.562778,-2.3006797,8.764924,-20.224815,12.094351,1.3084903,10.675678,-7.104641,11.1745615
10,Angry,Normal,2.208,0.025218427,0.01687994,208.94516528694984,25.10306718397193,-496.7932,93.72975,102.182076,73.111496,-15.395901,42.010414,11.900406,28.696917,-13.2371,24.771852,-11.364766,20.094236,-25.878437,21.459696,-15.656077,15.695441,-7.349664,16.752083,-19.026915,12.9387455,-6.389112,12.278234,-7.910777,12.291957,-15.279074,10.573881
10,Angry,Normal,2.048,0.032853924,0.022027267,261.3288235415607,65.64512033135124,-469.68863,89.03243,97.907974,71.008354,-22.904823,42.069466,16.005846,26.59308,-20.288668,31.358599,-10.12016,21.331903,-27.422413,18.574142,-14.861961,13.466149,-7.8083696,14.208328,-15.403171,16.61539,-14.616871,12.075948,-9.647618,13.167552,-10.922716,11.318527
10,Angry,Normal,1.952,0.017011732,0.012824971,187.2756928940565,25.26529706862843,-542.6731,99.53406,114.4261,69.838585,-4.709821,42.641617,19.591566,30.954473,-6.931965,22.819818,-11.919827,19.98793,-24.551374,18.955976,-11.924207,14.612816,-5.7447124,15.062673,-13.578523,13.957766,-10.434732,10.560601,-5.959743,10.479941,-9.337378,8.19608
10,Angry,Normal,2.208,0.026979823,0.016859166,208.7657810965492,20.60783377763609,-484.49915,98.51391,104.08205,74.22618,-18.957481,51.97533,15.8329315,22.786606,-20.300184,31.140545,-7.4341354,16.937445,-32.7586,21.08421,-7.071949,14.998427,-7.3379,14.582062,-19.347502,12.481683,-4.3463497,11.318659,-15.357658,11.325764,-10.07235,8.313449
10,Angry,Strong,2.464,0.09770527,0.07875951,347.5133647070355,66.27954876351554,-383.0602,101.84303,66.050995,46.53289,-34.97993,36.650017,-2.7461908,39.937702,-33.738583,31.20143,-18.22712,22.823057,-16.628183,21.123856,-25.607702,17.486347,-16.52232,19.275366,-17.764624,19.838238,-20.663284,16.280386,-15.920443,13.177792,-13.152515,14.422744
10,Angry,Strong,2.208,0.10218875,0.07354026,294.416978966306,60.110102678248666,-375.1945,101.36842,59.50052,52.776134,-29.007082,42.3344,-2.207286,39.4732,-34.54332,32.295048,-16.551886,24.827583,-22.51885,21.489063,-22.732134,16.360077,-14.708517,14.367745,-16.47113,16.899282,-16.712372,11.607781,-16.533869,15.040775,-14.253957,9.518096
10,Angry,Strong,2.176,0.08914358,0.08299205,281.0091035921219,47.22613505058896,-376.83365,86.59528,69.43086,51.09024,-28.530167,41.16119,12.758003,41.508247,-31.570503,29.875399,-14.366282,23.64879,-22.927505,24.087042,-17.480833,16.711048,-8.555316,15.395572,-17.708809,19.82773,-13.185745,13.761498,-10.316601,12.760848,-13.744906,12.479369
10,Angry,Strong,1.856,0.1063273,0.08655043,350.74245338860453,75.50098405749377,-375.91168,104.16743,61.296898,58.633636,-27.911432,43.206734,-2.4391472,36.759117,-28.87331,31.701643,-19.332373,25.187445,-19.4831,20.828505,-24.408033,18.950636,-14.289299,13.769958,-15.615963,14.82975,-18.34325,13.850876,-14.903759,15.359876,-8.577706,14.041962
10,Happy,Normal,1.6,0.035693027,0.024569815,294.6615879801886,32.35228248203292,-493.50882,102.965775,95.526855,54.570663,-20.249317,36.588566,16.055243,28.531858,-17.80657,27.253325,-22.514303,17.891563,-23.8753,22.11196,-25.6627,14.376833,-5.2893295,14.667055,-24.487244,15.267142,-19.909256,13.94604,-11.350827,10.480316,-20.399143,12.5873375
10,Happy,Normal,1.568,0.032619562,0.022582458,242.38094938517435,44.09226858822115,-476.66843,94.78177,104.41144,48.67746,-26.178194,36.573658,19.427963,24.59105,-13.994576,23.10896,-16.782684,16.76256,-27.010416,18.65421,-26.694193,16.818604,-7.110809,15.464282,-18.146399,13.589167,-14.957031,12.011214,-13.81373,11.5099325,-15.468834,11.154368
10,Happy,Normal,1.44,0.038092654,0.023178801,276.16623789212093,44.53063234001382,-465.09143,111.9469,88.46236,51.742725,-25.763617,44.644638,18.7323,21.829025,-19.771807,23.456038,-23.233953,15.433584,-35.10319,17.651812,-24.322367,14.661592,-1.198587,16.545588,-28.204857,12.763507,-16.503046,15.201597,-16.201845,14.052433,-20.847849,12.645189
10,Happy,Normal,1.344,0.036230557,0.021372309,332.06732845307226,39.27636729463463,-487.0511,79.80526,86.408554,44.337498,-28.962696,40.356373,12.180673,22.745642,-23.183193,24.790031,-25.386372,13.446223,-39.536255,16.743536,-21.948284,12.523,-8.483494,10.125299,-29.559336,12.957577,-17.131586,10.869388,-15.108161,10.879915,-25.682976,13.840278
10,Happy,Strong,2.048,0.10912895,0.09587443,382.535046804901,57.512524481094886,-370.25168,91.66272,48.41723,46.810867,-49.64598,45.307095,13.432731,31.197702,-28.90515,28.927801,-28.842093,15.567451,-27.211777,18.95245,-39.86194,16.625357,-7.7110953,17.522537,-25.559793,12.809448,-22.858421,12.6210575,-0.8081174,16.70303,-11.60535,20.242062
10,Happy,Strong,1.92,0.110495165,0.07985024,399.00229105680967,36.22292669483426,-379.63187,84.86092,64.24658,37.447525,-48.243195,36.898792,7.1596518,31.523363,-35.1528,23.289494,-31.42524,17.572052,-27.426945,22.858683,-39.708954,14.942388,-8.425893,17.56658,-27.661886,15.978445,-23.940191,15.471042,-9.129737,12.187498,-20.475231,18.469349
10,Happy,Strong,1.728,0.13450621,0.12056132,424.4459619774268,74.32735871179787,-359.48053,77.904915,46.507168,41.35857,-38.61135,36.802544,0.57484984,25.117476,-32.98326,22.261337,-32.35586,16.4723,-26.130018,21.993338,-36.57221,21.439245,-14.092962,15.825756,-23.541573,13.744352,-23.640865,13.970545,3.5404706,15.821858,6.6839,23.723783
10,Happy,Strong,1.536,0.11241757,0.081147864,404.6902589328035,71.65542164070345,-380.07236,84.54533,62.553253,38.43239,-41.66558,35.796646,2.601597,27.324604,-29.824314,23.663311,-32.155033,17.63319,-29.60552,22.534164,-38.252636,20.386753,-9.667892,18.262915,-26.918245,15.730134,-23.536585,12.5906725,-5.4510713,13.279919,-9.564051,24.340582
10,Sad,Normal,1.664,0.010761253,0.007372533,211.76925035596287,17.25458806952554,-609.3014,89.89641,115.05796,72.17916,4.094538,31.30443,18.954268,20.776001,-4.558103,22.071228,-8.989493,16.454294,-28.953932,17.338015,-16.001814,12.8049965,-4.028965,13.480608,-21.147535,12.283963,-11.397093,11.051982,-7.669593,12.227024,-9.473907,10.324487
10,Sad,Normal,1.504,0.010184348,0.0067876107,211.23624241350743,26.460486171232603,-608.12024,90.8078,115.365555,58.556347,-1.4749184,31.87324,24.477673,24.388935,-10.829752,21.353966,-6.888766,15.567214,-27.630278,18.860308,-17.72135,14.578653,-7.7309637,16.229397,-17.883783,12.435389,-16.51414,13.021017,-6.51927,10.0981455,-8.77058,9.404944
10,Sad,Normal,1.952,0.007968989,0.006386009,192.26517406084344,12.991606901000615,-627.81433,89.23194,115.901665,68.080124,7.026269,29.340872,9.499866,19.129732,-6.749825,19.498095,-8.274721,17.896273,-26.269037,17.539093,-10.248107,15.444915,-0.8113122,12.311765,-19.223145,13.387196,-11.227245,12.953785,-6.7089705,12.167535,-10.052865,10.6262665
10,Sad,Normal,1.6,0.008337464,0.005835186,189.2232249430681,16.38635855753401,-598.1729,90.26453,100.100395,59.67043,6.993845,30.31259,21.388836,20.398504,-8.016009,17.46655,-4.55965,18.293453,-20.127851,18.914705,-13.224958,12.887023,-6.8373294,16.87595,-14.298523,11.424036,-15.425046,13.519234,-8.834792,11.079762,-5.6679525,10.606751
10,Sad,Strong,1.632,0.013604558,0.0096736755,209.3127920133182,31.8223328373868,-593.7034,92.00788,106.894485,61.155663,12.120584,34.173206,29.168982,20.181828,-3.7270753,22.591799,-7.9254375,17.117228,-35.11598,18.928724,-19.207005,22.944496,-9.084609,10.201044,-24.78395,11.403678,-8.741885,12.29369,-11.234523,12.292237,-11.178003,9.941424
10,Sad,Strong,1.76,0.009588233,0.008265943,193.42270463647935,18.115922763337835,-600.85364,90.79172,93.93738,81.86086,13.38684,33.56239,21.293486,21.282349,-5.8392577,21.396631,-9.299418,18.701962,-29.2111,19.553274,-10.224621,16.69266,-2.3000312,13.448816,-20.107021,11.063661,-6.64857,9.99613,-6.0720925,11.006723,-8.900297,9.248739
10,Sad,Strong,1.728,0.013139262,0.009535295,234.2451508533209,36.35897567711948,-579.5597,97.64215,103.56864,61.412403,-8.2782,32.821156,31.66255,22.443096,-9.507799,21.916334,-13.333296,20.070526,-28.80804,20.016819,-19.562014,15.594019,-2.0204036,14.222985,-19.622799,15.524314,-8.331216,13.546245,-7.149739,11.310772,-15.340597,11.59144
10,Sad,Strong,1.952,0.021333607,0.017773032,252.7891898706982,72.3594471490781,-534.952,111.5965,92.67305,64.451866,-18.614998,29.749216,32.17914,24.540668,-15.490487,25.413517,-15.3856945,18.46742,-27.9275,17.312923,-21.413889,17.110008,-3.4272084,13.618969,-18.62292,12.929778,-9.547838,11.514162,-2.2537673,13.208404,-12.519935,12.440455
11,Angry,Normal,1.6,0.023787457,0.017722027,172.680997100134,34.55316532885261,-487.57523,96.70036,97.9495,69.26338,9.165701,29.920998,6.477197,37.282013,-12.2680025,31.10984,-2.2968037,22.08727,-11.031748,16.035353,-12.783009,13.247748,-20.04918,17.36221,1.4854429,16.745262,-12.51692,11.393407,-4.372059,9.496265,-8.632543,10.891066
11,Angry,Normal,1.728,0.01680779,0.011708906,165.96839587187702,38.91676536075053,-512.4347,106.67516,100.453476,66.79547,11.448916,33.513058,15.202848,36.7554,-6.464695,25.767973,-1.1177071,21.598122,-3.618283,16.12374,-9.4281435,14.360831,-11.504833,15.016071,2.3595226,14.871735,-10.750316,12.398325,-4.798503,8.999725,-6.727917,10.787966
11,Angry,Normal,1.92,0.019747455,0.015153521,161.43918130146196,33.900149902897105,-516.65485,119.512764,100.96454,71.65228,16.512823,35.17804,9.791998,33.146217,-6.4032893,32.54857,-0.7778769,21.215378,-11.123968,15.425482,-9.3415785,13.180301,-19.633703,16.26109,2.6396558,16.186804,-13.92365,13.711965,-3.5227323,11.250129,-9.899224,10.271864
11,Angry,Normal,1.664,0.010689802,0.0079705855,138.41193352296506,33.75757766456837,-564.6295,120.509186,103.43553,65.987976,22.259193,29.493483,17.460585,37.36797,0.8889964,26.64759,0.8548193,22.813501,-1.5299252,14.61265,-8.716551,12.966466,-10.772238,14.500727,3.9847713,15.515917,-10.74747,12.691492,-1.0591162,11.075717,-7.963763,10.639274
11,Angry,Strong,1.856,0.11372529,0.09230117,297.2132316331625,52.6936282404928,-320.74225,86.409676,47.514202,51.037216,-3.681868,33.1366,-2.14386,29.07312,-29.23854,34.791344,-4.3860846,21.21332,-5.8282604,17.405071,-5.4095693,13.69081,-24.595438,13.238733,1.7978632,13.322682,-12.732331,10.828601,-6.2648478,12.810055,-8.463654,10.456119
11,Angry,Strong,2.048,0.08618067,0.06540764,246.34040726786245,40.12275937602282,-349.1296,102.56839,74.57492,54.961353,6.2774677,32.706795,15.102995,32.978474,-23.789524,33.28584,-3.8623242,21.89136,0.5125518,18.929724,-5.316949,12.61004,-18.115963,12.544502,3.8063464,13.180295,-9.660392,9.538398,-1.6785572,11.949073,-6.706145,14.045716
11,Angry,Strong,1.664,0.045376632,0.032287482,213.79633872575667,33.957137064910086,-407.00928,98.65317,80.37694,55.05448,7.551754,26.981443,16.416945,34.86299,-13.217271,28.703175,-4.1972313,21.760113,-2.963509,17.180614,-3.5210035,12.679977,-17.12433,15.889565,4.049375,15.374649,-7.81838,12.684713,-2.7773588,10.875898,-7.610752,11.866563
11,Angry,Strong,2.048,0.09262684,0.06560864,295.3269721810979,48.28159314355677,-348.09473,98.042305,60.387695,47.616592,-1.2196693,27.801996,4.8295555,33.81711,-20.818495,29.502731,-6.209497,25.711006,-6.598924,23.162027,-5.271968,14.814248,-19.54006,15.9454155,2.5506632,14.60182,-10.138587,13.545368,-2.8983407,13.901685,-4.704705,15.193763
11,Happy,Normal,1.376,0.0092278775,0.0060879886,138.71326828804098,29.20529321036972,-594.2258,104.994316,112.61417,71.708405,24.644825,34.020405,23.700714,27.45151,3.6488545,22.8156,-1.5448936,20.994112,-6.9506297,19.010544,-6.836537,15.150921,-15.429654,13.746746,0.09143542,14.635013,-9.308385,10.625697,-9.333572,10.711222,-8.695379,12.199884
11,Happy,Normal,1.312,0.0083349915,0.004872423,130.76189028366755,20.069564962627457,-599.7408,102.28002,118.5948,69.65254,20.728542,29.574074,20.531994,28.273623,9.667656,21.764763,-4.789657,19.485378,-12.470792,19.669079,-11.521742,15.482228,-14.074089,16.013182,0.9577644,15.219086,-9.924623,10.000685,-2.7849464,10.162184,-10.073374,11.437776
11,Happy,Normal,1.44,0.0073373746,0.004979346,131.9521105245244,28.85132747119562,-621.24335,119.69616,123.2399,59.69646,18.02089,25.506613,19.986523,28.107534,12.468589,21.974434,-2.3657458,19.606728,-7.3414702,16.882465,-9.315748,14.789878,-9.570429,13.861904,3.6933408,15.975722,-8.91915,12.075043,-7.5531635,10.554479,-7.8469424,12.127794
11,Happy,Normal,1.216,0.007972464,0.0054637403,172.03875595938595,17.214720037701916,-617.13226,88.21101,126.0231,63.71897,8.200672,25.459179,17.676474,33.802113,3.3035977,20.306753,-3.3846738,20.622955,-13.919939,16.446953,-10.376361,14.5590315,-16.726282,13.7758875,2.3738668,16.054447,-7.2836437,11.075678,-8.271075,11.104237,-4.6247396,12.2571335
11,Happy,Strong,1.952,0.032083686,0.020617176,197.42584196226127,29.57253636992545,-471.92264,85.91547,94.27227,65.836784,1.2847906,35.087143,6.549502,32.093845,-13.442081,33.47263,-9.846134,21.719051,-8.795705,17.815271,-14.052009,16.553171,-19.38607,17.00279,-2.3702614,16.484291,-14.324642,13.672945,-4.1559477,10.769647,-16.896616,11.934812
11,Happy,Strong,2.144,0.02765027,0.023316886,196.62844613088444,40.330618832035874,-492.10416,112.414154,99.3528,53.662407,13.817776,28.68273,14.636062,35.02622,-0.33644238,28.961597,-0.39065793,22.157763,-2.1092467,20.110504,-6.7295585,15.398306,-12.677402,14.725457,4.1697483,16.379835,-8.611097,14.08423,-1.1254907,10.270989,-7.592401,12.077332
11,Happy,Strong,1.76,0.031258985,0.027775606,196.5330427450745,37.53129030249287,-467.00967,92.77393,95.41448,56.990116,7.3815937,30.374197,19.547094,33.505787,-3.0635753,31.306463,-3.522516,20.936077,-1.8016675,16.333475,-6.605439,12.531079,-10.327454,15.547974,4.2353053,14.803913,-5.8462906,12.505702,-1.1842693,11.96782,-5.2743177,12.06284
11,Happy,Strong,1.568,0.029064544,0.02370899,175.1530588645656,29.79086479883499,-485.46387,95.90714,103.200645,70.40647,13.477564,35.213745,9.380671,30.158516,-6.9703145,31.395473,-6.976732,15.767229,-14.161164,17.107937,-9.781388,12.564262,-22.125208,12.926737,-1.704617,15.284944,-9.38413,11.423218,-7.3199844,12.1541,-14.098441,11.5040455
11,Sad,Normal,2.08,0.0026845657,0.0021106845,101.7030775247178,29.420956282452966,-738.4422,130.70935,100.28375,54.08686,37.823063,27.29272,37.01005,28.468088,14.31826,24.77498,8.882018,19.84244,4.3223615,15.408624,-1.5821954,14.661283,-7.075155,15.457722,7.5868325,13.129226,-0.69215,13.877426,-0.7481241,11.629368,-3.237858,12.399694
11,Sad,Normal,1.728,0.0039661243,0.0027959275,118.80671767575583,12.34154109141216,-688.302,100.18154,103.74669,75.16587,41.601444,20.7543,29.520374,29.340734,6.828166,26.567482,6.6391177,18.987911,-1.5523777,18.240988,-2.4629025,14.357729,-13.047311,13.112013,5.002111,13.841648,-10.405568,11.651585,-5.8580575,10.446682,-11.098523,10.066426
11,Sad,Normal,1.504,0.0036961157,0.0026878223,125.09186778952976,13.51661068338088,-665.33276,99.68795,102.30123,52.770622,26.44468,28.149914,33.27479,31.91624,11.048179,25.37539,-0.8655269,16.91533,-0.6753162,15.742277,-7.6413727,15.760388,-9.689623,13.200084,6.261917,12.25646,-10.094476,12.355484,-5.09524,11.661305,-11.007805,12.215447
11,Sad,Normal,1.568,0.0050144307,0.003183153,115.97150168083162,13.279971169493257,-659.1326,91.38245,108.52115,73.39227,41.574066,25.633375,27.976236,35.619213,5.3792515,25.08574,6.1832476,19.214941,2.4560688,18.72343,-4.572597,14.203741,-9.581856,13.209214,2.6744106,14.075842,-10.382767,13.337869,-6.622629,13.734673,-9.798848,10.470701
11,Sad,Strong,1.504,0.0120031005,0.009265111,178.84379918238457,38.08165048244412,-569.80444,112.420006,110.88343,64.31368,15.409849,27.738474,15.995591,28.958504,2.1564586,30.172108,-0.32348937,15.561902,-10.585182,15.837273,-7.540453,13.95997,-17.637377,12.270456,-1.0644176,13.754785,-8.215919,11.052627,-4.163528,11.673679,-7.5504465,12.6735115
11,Sad,Strong,2.176,0.014187511,0.013185107,187.4618196499697,25.61971754938539,-575.9614,112.991974,103.487724,63.854446,12.291067,29.242449,22.256815,29.026888,4.6342144,25.47236,-3.6310885,20.202007,-10.008952,16.041666,-7.835156,14.689263,-12.987076,13.937696,-0.010877557,13.887833,-7.9458804,12.665086,-2.1617124,10.720325,-9.254672,10.893877
11,Sad,Strong,2.016,0.013065511,0.01501903,188.0628676666424,33.172923804184684,-582.5065,144.4619,66.18214,76.91369,15.913288,28.075884,14.115997,21.999674,-5.0966167,22.532179,0.8447418,16.919846,-13.239385,16.422606,-11.1074,13.389752,-17.713694,14.64585,-1.6172202,13.104987,-8.3541155,10.323129,-7.7192163,9.68963,-7.749408,11.74864
11,Sad,Strong,1.504,0.018571358,0.011853708,179.4178719978951,22.377578278760616,-527.4106,97.33133,100.78395,68.77763,13.759375,33.28628,14.29251,33.681892,-7.7308383,29.975641,-3.6059675,20.891544,-13.125953,17.405607,-16.41103,16.743607,-21.31976,11.910831,-7.4086123,13.798232,-9.227834,11.103827,-8.81054,11.496541,-9.691839,12.507743
12,Angry,Normal,1.92,0.007867619,0.005907792,187.2719561053564,31.62394802008919,-612.6032,108.77489,92.28891,69.40025,3.486179,36.098026,19.278706,33.248177,-4.85792,28.037695,-6.2321076,15.16801,-19.034266,20.51274,-17.530476,14.955357,-5.1870103,13.809481,-15.275258,13.474902,-4.2456837,12.351405,-15.519101,12.835369,-5.4207883,10.117722
12,Angry,Normal,2.016,0.012240773,0.010111607,190.93536738704267,31.166659501322545,-564.2719,123.01746,100.84628,60.5807,-1.9625024,30.789099,27.960546,37.414345,-14.927797,27.376677,-1.5297079,16.917755,-5.8694067,21.574419,-14.4078455,16.567972,-4.175846,12.747437,-4.7252035,15.805372,-3.463273,11.643289,-6.4379015,12.644237,-2.518204,11.709287
12,Angry,Normal,1.952,0.009276554,0.0068873367,180.72955319338445,29.882660081462745,-579.89795,98.2015,93.127075,67.157326,-3.89123,36.64673,21.673964,30.699732,-11.28765,30.838749,-6.0385194,14.64791,-20.791803,22.587942,-18.859299,16.358507,-2.463599,12.991669,-14.651481,15.162082,-3.1626391,13.207598,-15.81309,12.855077,-4.917058,11.019849
12,Angry,Normal,2.368,0.009737507,0.008964938,194.80164787477457,35.350864933464955,-592.43854,129.65071,93.705185,65.243385,0.35769758,33.07649,20.537436,34.51807,-13.2037,27.463596,2.0694416,17.378805,-6.6902857,22.933636,-12.390163,16.009014,-3.5937011,13.740909,-6.308869,15.921484,-4.986108,11.903873,-7.8045125,13.888939,-2.9038982,8.91865
12,Angry,Strong,1.824,0.040388588,0.037175603,253.9093323716493,56.85991745307732,-445.49817,88.589195,84.38862,57.31118,-14.754732,42.193073,7.159139,41.168438,-18.237219,29.534176,-7.314557,19.606833,-6.678765,20.321426,-21.577015,19.038322,-2.0903456,16.424244,-12.611024,13.405392,-1.236504,12.143296,-9.966756,11.736811,-9.985208,10.51761
12,Angry,Strong,1.696,0.04448253,0.047858108,276.6959069224979,66.39436727808031,-426.7124,86.39295,84.7715,48.31665,-19.633333,37.151855,7.1891284,38.805283,-19.38228,23.830944,-5.2179804,20.047953,-0.07979781,21.389551,-14.501999,18.605284,-1.209282,14.151713,-8.346993,16.662489,-2.2677553,13.546799,-7.58662,14.563972,-9.96904,14.297465
12,Angry,Strong,2.048,0.08118895,0.08718231,346.97390442592297,61.541148458355,-405.85553,134.22722,59.988316,40.60763,-32.86247,40.609013,-3.8417141,37.995605,-16.819265,26.886793,-6.38888,19.615116,-1.8837004,20.55857,-12.874888,21.947332,-2.270916,16.379765,-10.325946,17.619202,-5.953625,16.571404,-7.289136,17.388306,-5.9041286,15.922476
12,Angry,Strong,2.464,0.053711995,0.064915396,331.55411508557125,58.58709153727771,-489.08612,152.37083,63.97855,54.740902,-19.878225,45.223778,-6.675406,39.716915,-9.775156,25.947996,-7.2743297,21.754097,-0.4073054,18.836128,-12.287317,21.524738,1.9957703,12.7525015,-2.6914864,13.263965,-7.3596625,14.159257,-7.3113823,15.370729,-11.071503,16.100111
12,Happy,Normal,1.824,0.013467227,0.009077235,209.52571112075165,34.26926070929105,-551.3022,105.52829,89.85732,52.12061,-24.718697,33.459026,22.353136,34.251698,-17.563437,31.277132,-11.175785,13.872582,-22.462482,20.589006,-22.522823,20.940174,-4.671903,13.639344,-18.457556,13.01511,-3.4683552,13.798183,-21.18058,10.620948,-7.8371553,9.565022
12,Happy,Normal,1.824,0.0123479245,0.00853097,225.4782521655413,49.8535534802193,-551.89703,102.80592,102.34452,45.450985,-22.13579,31.866255,28.946241,31.172102,-12.268947,22.608881,-4.2533813,20.552477,-10.137487,25.743292,-15.942733,20.890038,2.2398973,17.490273,-7.727984,13.450199,-0.48586604,14.748148,-14.002899,13.850001,-3.7404165,8.996444
12,Happy,Normal,1.568,0.011761219,0.008005415,223.6690003248806,41.97458423019785,-560.1449,96.39101,81.18322,57.34949,-16.160501,32.712288,22.86366,33.566402,-16.515108,29.26915,-7.737777,15.746138,-24.360168,17.626276,-19.785833,18.31714,-6.609322,14.4799795,-16.021194,12.654914,-5.8624983,14.729012,-25.951252,13.625429,-6.4916363,8.736309
12,Happy,Normal,1.792,0.011863288,0.007948811,225.13825646974277,46.91870690709395,-553.3271,88.63415,97.00001,49.11066,-26.58464,27.984184,29.243725,31.689425,-16.927864,22.904837,-5.4210467,20.456331,-15.419656,24.679676,-17.983326,20.440207,-1.1200205,12.6146345,-11.683642,16.049747,-1.1403291,15.1969,-17.854134,13.383875,-3.685498,11.307321
12,Happy,Strong,1.888,0.022850733,0.01706641,269.096148867655,47.29251294536129,-515.6402,103.064766,79.80503,49.328426,-29.976803,38.735252,18.348475,35.27516,-19.716751,31.445015,-14.457979,15.8141,-19.378414,21.469765,-24.683113,19.691263,-0.56448644,15.739496,-17.748032,13.424847,-8.012638,14.459468,-16.73661,14.428928,-12.314376,9.840917
12,Happy,Strong,1.856,0.04596533,0.04016045,320.8664152314077,72.10640592396524,-438.3252,87.18029,77.55589,41.232983,-33.842476,36.992245,16.124699,38.108746,-20.912653,24.30486,-11.471407,17.722235,-3.1920874,23.651842,-14.2086735,18.485271,0.9157433,18.187517,-7.4595356,16.563334,-1.262803,12.2396755,-11.230194,19.862448,1.1610072,21.035362
12,Happy,Strong,1.92,0.042225298,0.033452254,333.61095913008205,66.43222140212245,-453.9044,89.90201,76.00263,39.810375,-28.799229,33.88502,20.557863,40.80148,-16.02462,24.622614,-11.932023,19.596025,-1.0904387,21.862709,-13.539108,18.182182,5.2322216,16.128725,-6.972482,15.921057,1.4369566,12.324801,-10.412351,14.613369,-5.556439,15.683265
12,Happy,Strong,2.016,0.047222625,0.036402702,360.7684308457178,80.44179731900934,-470.43967,101.614426,62.409798,39.800552,-46.83881,45.04896,1.562499,37.89193,-26.829136,26.994911,-24.32156,15.568025,-11.986802,21.969423,-26.732552,21.039446,-3.5686507,16.378475,-17.375713,16.426977,-5.8366127,16.610994,-6.878091,23.506197,3.550736,29.036669
12,Sad,Normal,1.696,0.006496731,0.0042610783,219.3765978637678,25.28337355354302,-636.0944,75.4833,89.85475,56.395588,2.5244756,35.832413,19.632309,29.635466,-5.6345744,25.921604,0.46730974,16.421316,-24.870737,17.156786,-20.134766,15.791356,-9.861491,16.65168,-14.910593,13.890184,-2.723668,14.349939,-22.680885,14.449172,-4.186823,7.6839504
12,Sad,Normal,1.696,0.008479061,0.0054901363,230.6711029497088,26.580516249409868,-610.43536,89.05797,82.92117,61.639484,-9.221249,35.89489,19.339876,29.677977,-12.128177,26.333288,-8.479376,16.859743,-24.114492,19.348213,-23.634056,18.380022,-5.204181,12.9264555,-18.696165,15.593014,-3.2547467,13.998655,-20.108164,13.336235,-9.043252,10.119405
12,Sad,Normal,2.579625,0.0064728674,0.0061999946,229.80744556635813,33.345232923912775,-696.62213,145.46895,88.17072,46.434967,-1.9774572,30.150364,20.274794,23.512634,-2.7195761,22.475187,-3.6403432,19.227388,-12.1766615,20.846474,-15.019724,21.660805,4.0463796,15.641105,-8.522182,14.982234,-3.8545973,13.652531,-11.027636,16.115017,-4.089792,11.607858
12,Sad,Normal,1.728,0.009956377,0.00720186,241.25820684724465,36.138734270483546,-593.4912,85.10569,103.34865,55.196808,-15.048004,30.584814,20.589151,33.544044,-9.818137,22.92486,-12.392386,19.29383,-14.7321005,18.056349,-20.231562,15.399924,-4.112781,16.170143,-11.713626,13.090748,-8.422379,12.079534,-12.72523,15.232947,-10.600615,9.673462
12,Sad,Strong,1.92,0.0428164,0.033317488,380.5618091103735,48.60291493655932,-485.60095,86.03072,65.020485,49.66831,-35.725956,37.411392,-8.439657,34.817516,-29.671293,22.147274,-28.788576,15.756589,-14.801207,24.028656,-29.57133,15.43904,-5.4202704,17.402796,-13.579701,15.38682,-11.688922,13.4346485,-8.553448,15.83779,-12.7582655,19.385183
12,Sad,Strong,2.7798125,0.018420791,0.020839326,334.7113636710124,38.53358944614416,-618.5944,154.7778,52.524967,45.98366,-21.40627,44.327873,2.6733665,29.911272,-14.805873,31.749699,-16.102163,25.59624,-14.651639,25.869284,-21.511114,27.400776,-1.5588107,16.571274,-9.834756,17.505463,-8.592207,17.165104,-6.732657,15.641568,-10.991566,18.365871
12,Sad,Strong,1.792,0.027006885,0.019767283,357.0341503939972,50.50101064464883,-510.92694,78.602135,83.729744,50.980995,-28.703106,32.554867,10.064868,30.682194,-30.098406,22.169338,-21.417454,19.938131,-13.161885,22.01023,-27.715788,18.204876,-5.535863,16.26096,-12.343004,14.849386,-7.221222,15.00131,-6.6568136,11.508421,-8.309149,13.11092
12,Sad,Strong,1.76,0.036876194,0.028672162,399.5213506517877,46.320746383270254,-482.32703,80.49238,75.32728,42.27853,-45.76512,36.71567,-4.572322,31.949701,-34.22332,19.888376,-24.478592,17.70885,-19.829515,21.844704,-30.811777,18.430254,-2.5447009,16.457754,-18.034536,14.447925,-6.445852,14.92898,-10.284749,11.799962,-3.4427283,18.374193
13,Angry,Normal,1.664,0.014081744,0.010591894,165.2113414993957,21.245336718466515,-533.27704,111.39862,102.227104,51.84297,-5.9968095,28.0298,22.571207,35.87824,-6.4052806,32.129242,-8.33495,24.334671,-10.785377,15.007766,-17.632519,21.030798,-9.949075,16.3603,-0.40234956,11.466936,-14.228442,13.42915,11.029033,12.9716,-12.739863,13.630063
13,Angry,Normal,1.504,0.01833041,0.013116194,167.54849063307998,17.41307519097378,-513.7981,102.17817,96.44617,62.312744,-7.7099996,33.85409,25.094856,35.173878,-5.073131,33.15282,-12.555678,27.574535,-16.162197,15.695011,-27.514633,16.399393,-15.899563,16.237274,-1.5196908,11.352603,-19.897379,15.51073,10.322243,12.814347,-14.22286,14.971651
13,Angry,Normal,1.568,0.010855789,0.0076966817,137.27820086853404,15.727179042199309,-557.0055,107.91013,111.75837,57.863625,-7.92977,29.790806,28.930399,38.02992,-5.31558,31.06543,-10.365527,24.915718,-9.174094,16.52617,-19.060335,20.07718,-11.313686,14.978474,-2.935643,12.316824,-12.866075,14.307891,11.985522,11.800515,-12.391895,12.332277
13,Angry,Normal,1.696,0.013853821,0.010054755,146.27809369404133,17.757436400678547,-536.1241,99.89633,101.84784,64.0087,-5.016163,32.25484,26.026855,39.234604,-0.93322253,32.50545,-11.989843,28.981873,-9.92296,17.52958,-26.940674,20.039213,-13.054291,18.704473,-0.59488505,11.741968,-17.948238,16.40017,13.206691,13.915008,-12.71437,14.354902
13,Angry,Strong,2.336,0.04695469,0.047749545,227.66546898564576,44.414987662236754,-436.6993,123.19284,69.284035,45.096485,0.29252812,37.560413,19.09663,36.948536,-5.2324185,32.48395,-12.22546,27.17001,-1.6747621,17.242813,-6.687933,17.19447,-7.0513873,14.700652,4.2682853,12.227555,-13.915359,12.568112,6.6783385,12.583155,-6.6559496,12.721927
13,Angry,Strong,1.696,0.10490328,0.100565895,320.7236739171875,23.082828744747538,-342.45038,88.50632,41.47724,41.730137,-14.770321,34.53745,-2.4633358,36.882683,-19.01517,35.48896,-14.972366,22.876467,-17.308615,17.060446,-8.654364,15.494874,-16.120054,15.577737,4.4485574,12.758267,-16.47316,12.398358,0.7651123,11.275327,-9.953573,11.380788
13,Angry,Strong,2.24,0.15440784,0.13779603,350.7751313713732,31.903156415715458,-326.20358,83.112495,22.596355,42.025635,-21.679708,35.206997,-24.794495,34.164165,-28.925802,33.270412,-15.969566,21.232597,-21.607836,16.96486,-7.3858094,11.336229,-18.252398,16.357359,2.8353496,12.493367,-17.939053,10.5014,-9.30017,13.051777,-17.239681,10.762673
13,Angry,Strong,1.76,0.07792937,0.056635916,298.36628869689014,25.56486190843409,-362.4121,102.96075,46.991833,41.091534,-15.78013,33.98339,-6.675373,36.321342,-16.70319,33.034534,-15.7598095,22.659515,-19.91183,17.717152,-14.214656,14.515941,-19.20108,16.090508,5.480326,11.76151,-15.222011,13.01397,3.4024699,11.342203,-13.153864,11.674958
13,Happy,Normal,1.344,0.007389981,0.0048473524,131.26568190711774,21.799214824665945,-597.89154,99.576904,127.698555,49.594173,-15.57758,30.090414,25.024914,33.622807,6.297536,26.497921,-9.170953,19.010206,-15.243132,14.280318,-19.540995,18.713835,-9.894475,11.4537525,5.758365,13.943564,-19.730839,13.219367,12.013636,15.823619,-18.15093,15.405328
13,Happy,Normal,1.344,0.007822535,0.005797623,126.6677783765094,20.659543735468763,-590.7744,104.4733,126.11509,46.288166,-19.942675,33.421062,28.964146,30.80928,2.9398067,28.252615,-10.006892,17.448294,-15.3354225,15.464114,-19.23203,18.770817,-6.12539,14.6417675,4.5592504,14.647083,-16.039076,12.909894,14.003632,16.988874,-18.169065,17.549126
13,Happy,Normal,1.248,0.0077399197,0.0052412767,137.4282304616346,27.51878243867252,-584.3315,98.92622,116.256035,56.63425,-5.8698993,33.213585,20.337189,25.307043,3.0272152,25.531124,-8.62938,21.056562,-21.930395,16.439095,-21.043367,15.0890875,-12.034381,17.10439,2.9750288,12.123847,-16.742365,13.584952,12.254894,17.723997,-20.591616,15.055601
13,Happy,Normal,1.408,0.00945349,0.0063022715,174.84881446816118,43.64203991526307,-568.3042,93.73454,102.30657,58.46966,-5.380672,32.19757,14.683656,29.743616,3.2286422,23.975195,-9.501549,19.166067,-29.742798,16.861479,-14.965818,15.760143,-17.799475,17.553114,5.8310866,12.6163645,-21.434753,13.144838,9.626111,17.480118,-19.638912,13.74914
13,Happy,Strong,1.632,0.01029591,0.0074872645,147.11726737364185,26.278148409694666,-547.38617,98.45558,106.68306,51.182583,-9.722485,31.919607,29.803734,27.642946,8.359411,27.573032,-10.248542,20.202105,-11.805265,15.626103,-10.870509,17.81162,-7.557539,18.562294,6.126904,14.557289,-19.415184,15.043984,12.703849,15.2209635,-14.670142,11.875345
13,Happy,Strong,2.048,0.01953092,0.016190475,201.43173028520877,42.25322653823727,-524.34644,120.200905,90.670334,47.364902,-6.767255,27.191868,8.470598,37.49379,2.9577665,35.142567,-15.166534,22.88206,-21.188343,16.331367,-8.547372,16.829649,-16.32728,20.31874,3.3574247,13.810573,-20.615053,12.34593,2.1214051,15.728081,-14.914939,12.439384
13,Happy,Strong,1.536,0.02538106,0.018030293,256.6767701737042,36.755709471699966,-471.8629,97.04406,67.73799,50.542145,-7.1103597,31.089,-10.923202,36.546055,-8.140982,33.601624,-15.867546,21.907257,-31.174417,18.219418,-10.087312,16.158558,-21.45573,18.335848,1.1212965,13.388499,-22.799143,12.962089,-2.5397723,14.783609,-19.949942,12.306062
13,Happy,Strong,1.472,0.026210047,0.01725654,222.9367913311574,43.85622977360481,-476.56555,104.378716,79.82341,47.952156,-9.325124,31.222666,-4.405583,36.48307,-10.924952,38.482456,-16.114565,20.64211,-30.410645,15.64238,-10.946482,17.050436,-21.837324,19.329466,1.9108022,13.209924,-22.072817,13.273476,0.38348544,14.872451,-16.818949,11.952236
13,Sad,Normal,1.696,0.003411828,0.0021422124,112.17717431173348,13.435738767374994,-703.50433,99.118,142.44662,63.038628,20.259583,27.53117,24.519215,34.065716,12.186144,23.549036,-1.8734269,21.445875,-13.051017,12.621057,-4.148919,14.958854,-6.414602,15.337827,2.3925588,12.325093,-12.559984,11.753315,5.672682,10.914283,-6.263147,12.04497
13,Sad,Normal,1.504,0.004132814,0.003174445,115.81211763494078,17.024124594542787,-687.2641,103.31761,137.87128,69.32831,22.241215,32.58013,20.234379,26.763433,7.226467,26.947586,-4.0758734,20.422144,-13.236182,16.10614,-7.402011,12.152291,-8.103914,15.755604,0.33110702,15.385323,-11.060449,9.8388195,7.1142673,12.170021,-8.772019,9.873284
13,Sad,Normal,1.728,0.0039214236,0.002641963,112.8211979802554,13.947883304894848,-696.00494,97.62502,140.82874,71.136475,20.586683,32.832382,25.55808,33.29599,8.32409,23.75125,-0.4225986,22.843548,-14.274874,14.400792,-5.8715715,17.07145,-5.3392777,16.615444,3.3364236,11.226594,-10.916187,11.7897005,5.5152926,12.825782,-6.6505594,12.012005
13,Sad,Normal,1.568,0.0038752563,0.0024665275,110.07048446310706,9.973228325608396,-681.5147,94.83617,145.28487,66.526855,13.7641945,30.595226,25.561283,27.46079,10.780837,26.130497,-4.279774,22.171623,-15.658892,13.175899,-5.104377,14.739402,-6.9587054,15.71619,-0.0029528188,14.42958,-9.748784,11.384238,6.0140963,12.293894,-8.671035,11.919618
13,Sad,Strong,1.6,0.005178247,0.0037037288,123.5309842966906,19.086788198776865,-662.0067,101.547104,137.79726,74.20597,16.454247,29.941427,16.870867,33.86786,7.950461,24.59682,-5.5813503,22.380259,-14.40588,15.682776,-8.500187,16.940416,-12.540659,16.102713,2.053496,12.630743,-9.939374,12.835457,8.902125,10.84109,-7.927616,11.126128
13,Sad,Strong,1.44,0.0040763807,0.0025419695,109.71630887738108,10.773405897750948,-698.2263,113.80399,132.12968,67.76211,33.582607,27.203375,27.919716,26.84405,13.581587,22.113228,0.46561143,21.431826,-11.329215,15.044859,-1.5311203,11.007953,-10.227064,16.409912,2.2006109,14.68369,-8.7565975,8.922896,5.4513893,11.973648,-6.757688,11.981245
13,Sad,Strong,1.44,0.005042269,0.0035266648,128.24483369255117,25.079611937070258,-666.91626,87.83297,133.62042,64.66629,21.135101,26.552786,25.884876,33.873478,8.189977,21.95534,-6.043141,21.685656,-13.206886,13.701674,-2.4354777,17.833576,-11.767534,12.882608,0.96548396,12.204181,-9.537481,13.578075,1.7150327,12.43743,-8.561514,12.336001
13,Sad,Strong,1.408,0.0073060566,0.0048738387,136.74620744549688,19.87754456878492,-617.0469,87.52455,139.06479,56.564705,0.16555461,32.76777,27.947853,30.85232,2.4620106,28.103346,-9.94966,24.602463,-14.534266,15.296396,-10.30904,18.28945,-13.525283,14.367756,0.940418,14.23097,-14.785033,13.251958,7.9727654,13.505507,-14.990324,12.132261
14,Angry,Normal,1.92,0.015556975,0.013222911,377.45255524285,67.7959124051505,-554.542,104.019936,51.146023,63.071484,-19.819971,40.863945,-6.462807,34.769035,-37.0616,33.06252,-11.743273,18.783123,-27.689949,16.93525,-19.622854,15.979157,-14.952659,14.430813,-11.24783,10.808121,-18.242132,15.17073,-6.921837,15.36595,-3.2917352,25.851912
14,Angry,Normal,1.568,0.010712177,0.011848888,316.2702293262364,88.4026833487851,-576.53894,113.90776,58.924088,59.168297,-7.920568,39.42278,2.1903217,35.551216,-30.241068,29.549433,-7.674652,21.8425,-23.428926,21.483807,-6.66753,14.445116,-17.97028,13.982657,-13.017264,13.080707,-18.390585,12.796816,-9.364639,14.991562,-5.079468,13.519332
14,Angry,Normal,1.696,0.016277093,0.013719425,313.1639232306904,64.5844801168159,-541.67847,98.704895,55.784733,62.582863,-12.32557,40.520443,5.9910645,35.07193,-42.266014,38.38521,-8.172738,16.400906,-28.567188,18.309334,-15.384774,14.646488,-16.525766,14.005947,-9.270108,11.39127,-16.22494,14.836543,-13.998248,11.840387,-12.13604,12.265086
14,Angry,Normal,1.728,0.013172061,0.01108071,328.5716275272701,68.84333865867494,-553.1809,108.57107,63.12761,58.861076,-12.888569,34.864532,5.901367,31.300266,-35.785748,29.60027,-6.463321,24.33908,-19.63102,17.464432,-13.124901,14.9229,-12.421776,13.480961,-6.255042,14.40755,-13.631527,13.846056,-6.5970087,15.079271,-7.492196,12.117444
14,Angry,Strong,2.368,0.05646334,0.060369622,457.4483924951121,19.89880852818587,-428.99426,120.457245,34.94951,54.08178,-38.044147,45.728878,-11.206908,33.793793,-48.35329,38.354702,-1.9403431,24.02682,-31.396534,18.37739,-15.572722,13.084583,-14.298168,15.097004,-11.539032,14.327037,-8.444246,17.10531,-7.0694284,19.322176,5.3146024,20.600908
14,Angry,Strong,2.112,0.08514212,0.08330806,384.5547689413043,60.15414585506672,-409.81577,110.02403,27.177757,39.652084,-60.170185,46.035397,-17.187185,32.775375,-56.0583,37.736866,-8.1233635,24.139318,-33.157646,19.400564,-14.267384,11.753201,-6.1309767,21.51823,0.6212861,24.086792,4.6329017,24.3638,-1.480249,21.759005,4.1065235,24.308964
14,Angry,Strong,2.336,0.057078656,0.061141036,425.358603803867,57.30604174841186,-422.48492,105.315865,36.43116,47.564655,-54.61409,41.930965,-10.765765,32.17508,-53.67815,31.488445,-7.2287827,24.302528,-26.053324,21.312212,-10.608805,19.580101,-5.7594123,20.983515,-5.6711593,23.517172,1.7976542,17.388578,-1.4826478,21.035488,9.743344,24.560259
14,Angry,Strong,2.24,0.08290302,0.0873362,469.24241277490864,22.076435050834355,-382.2616,123.67689,42.603615,48.840694,-55.726437,41.18098,-7.876199,36.68478,-50.095665,32.151855,-7.30356,24.301046,-23.984797,19.335915,-14.172547,15.581994,-10.27024,16.34912,-10.205485,13.635453,-1.3961018,14.423847,-0.3944764,14.840003,13.638454,21.56082
14,Happy,Normal,1.568,0.014166917,0.009278718,322.5583974400216,59.076646586601306,-559.7908,114.1426,63.171204,55.982967,-17.049902,39.300453,11.964035,28.552511,-31.363695,34.963436,-16.854364,21.877417,-30.83873,20.220774,-15.527941,14.529183,-21.092272,13.761309,-17.197952,10.555376,-14.799748,12.211395,-17.433731,15.11851,-15.210013,8.941524
14,Happy,Normal,1.856,0.018476628,0.0152163785,341.30283713275463,73.33355517523486,-528.0333,113.58902,53.421635,49.037476,-27.242872,39.50356,19.783707,35.598907,-40.71784,31.947332,-9.1597,20.492167,-27.863379,24.91684,-10.169227,13.436117,-14.632177,13.2377615,-16.706987,14.027277,-6.8857946,14.098612,-17.051731,17.090551,-6.2162766,12.558715
14,Happy,Normal,1.76,0.019032221,0.0138565805,360.0920594334665,64.83320833452157,-530.921,106.52658,65.0128,51.936756,-22.58106,36.68166,9.430538,34.206898,-31.92081,30.342695,-12.126324,23.967741,-25.091166,22.131235,-8.407673,16.831259,-13.931177,14.438682,-15.904829,13.741567,-15.240627,13.954977,-18.80613,17.603888,-5.5807886,12.669545
14,Happy,Normal,1.408,0.013685809,0.010308856,297.77392567651424,55.718567361695904,-554.94104,88.09135,65.58944,56.754204,-10.847449,41.61043,5.198225,33.89439,-28.659979,32.94267,-21.557014,18.315508,-36.160557,22.868172,-6.5400553,15.107679,-21.57522,12.737401,-14.084516,10.102654,-17.465097,12.039074,-16.117485,12.101286,-17.834858,9.628038
14,Happy,Strong,1.824,0.053285263,0.0441402,411.88776252161153,44.89030871689192,-442.60187,101.520325,14.59948,26.492504,-73.384895,52.386482,3.894043,30.520136,-54.93742,34.29317,-18.912485,25.485912,-35.86332,17.530338,-15.652957,14.026193,-9.5988865,18.524557,-19.917822,23.23265,4.6261735,23.574974,-3.1495187,24.338413,17.960331,26.48452
14,Happy,Strong,1.856,0.035382066,0.031082574,388.5996311642388,62.87323152902578,-464.52008,97.08774,32.647736,38.81804,-53.41768,44.31641,4.347718,36.774815,-49.243446,32.98775,-8.869832,25.862679,-33.024677,24.049902,-10.170163,13.563932,-15.803989,13.411884,-16.813248,12.534164,-4.0978155,15.247776,-15.728904,24.067278,7.127007,23.57136
14,Happy,Strong,1.984,0.04016266,0.038771596,395.79804714230704,74.40689695477944,-464.46506,108.194534,29.482267,39.21798,-55.951553,48.51421,3.1725914,29.54896,-48.956467,32.193733,-16.687263,25.314579,-24.747007,20.353579,-17.655628,15.275064,-7.3520617,15.2672415,-19.098703,17.41847,7.5929174,20.478392,1.5483265,26.675365,19.165447,21.888187
14,Happy,Strong,1.984,0.042306554,0.038485408,363.4170963068626,82.11819736600404,-500.99606,121.22704,24.051027,39.460335,-48.042202,52.78825,1.4809301,28.640203,-42.016087,35.237408,-18.059423,22.473629,-30.119106,17.839073,-20.535986,12.320282,-15.672524,14.639569,-13.410831,22.60576,7.2902484,29.782545,12.0179205,25.881826,19.969048,27.311325
14,Sad,Normal,1.568,0.004891559,0.003667074,244.91242981572557,35.07436372272722,-666.51654,97.391594,83.64543,69.75518,18.996696,36.869236,5.544574,30.77666,-16.780293,24.806925,-9.970495,19.209164,-26.364405,15.783602,-6.5610256,13.3645735,-16.525866,11.971615,-6.004118,11.850787,-13.719571,11.841575,-8.673885,14.301228,-9.392976,8.930501
14,Sad,Normal,1.824,0.0030786167,0.0027163997,250.7143566980892,35.59607478774779,-702.57904,106.59349,62.622498,70.61183,12.134576,29.437351,9.00274,32.032185,-17.82474,22.916843,-4.687068,18.239786,-24.096272,15.629248,-2.0923786,13.637434,-11.166037,17.378181,-4.2843056,11.788437,-13.553367,13.212132,-5.210877,15.361045,-8.547111,9.585092
14,Sad,Normal,2.016,0.0026944235,0.002239201,242.95506597039807,47.66304658934129,-722.20575,112.966286,75.31173,67.34979,16.145536,29.850796,20.285742,30.059275,-18.719294,24.716063,-8.78926,20.864744,-19.666727,16.294237,-5.2121177,14.540652,-13.69079,14.774524,-3.0568871,11.9057865,-10.764042,12.509759,-4.0205693,12.999719,-5.493528,9.688374
14,Sad,Normal,1.696,0.004360532,0.0031160333,248.10380484045905,43.83787251333449,-676.7406,104.24799,95.121796,61.61281,9.791643,29.911795,10.931626,30.783945,-20.893618,22.397182,-10.112211,20.378752,-24.514053,16.306486,-4.737413,13.160329,-17.468285,13.970254,-10.189905,14.686242,-16.474411,10.367781,-10.877833,12.2972765,-7.629955,9.08038
14,Sad,Strong,1.728,0.008396037,0.007077186,294.357056184819,34.241510924919886,-610.89594,88.74437,72.97377,55.779167,-5.6825447,37.31138,4.2135286,33.49131,-32.41451,34.13412,-15.485151,19.157063,-34.899113,21.253891,-11.968141,13.407048,-16.803022,14.912587,-13.517426,12.579886,-9.528262,12.875261,-14.118387,15.639969,-11.120286,10.696558
14,Sad,Strong,1.728,0.003959839,0.0031211865,274.1751524192473,43.39403112406183,-641.12054,95.61669,74.30777,62.416737,-5.9797425,33.61464,15.084723,27.468653,-24.817636,28.196592,-11.127827,22.318096,-25.93177,20.693007,-8.319296,14.183209,-6.2292337,15.581062,-8.989808,14.029808,-6.2609053,14.053015,-7.7284565,14.400055,-4.6677294,11.1637125
14,Sad,Strong,1.92,0.0059289956,0.0051494082,301.91489617833486,48.13901749301675,-622.61285,95.07973,61.00976,63.449207,-3.6533582,34.705444,7.0136075,30.891584,-27.138641,27.288248,-10.865115,24.799759,-32.842587,20.08933,-7.2258124,16.325253,-12.215355,15.185843,-6.0429125,15.999641,-10.338969,14.984334,-11.734689,15.93197,-7.3277273,11.316625
14,Sad,Strong,1.952,0.011386601,0.0098066,318.04956315038595,36.14430502812703,-585.10266,87.9281,65.20513,56.406055,-21.892124,40.890263,11.1772785,35.36212,-42.01407,40.09103,-12.111434,22.059195,-36.666374,23.54029,-15.663403,12.966063,-11.776987,11.354116,-22.575089,14.679546,-3.7403176,13.907113,-21.223505,16.0012,-8.878833,11.09542
15,Angry,Normal,1.632,0.027913103,0.023086805,203.2898773863029,31.93679242982954,-466.3593,96.021996,103.75159,55.1735,-18.569622,38.570213,27.26113,37.511253,-13.541882,31.143644,-12.390401,19.864708,3.8943155,19.96669,-15.581049,19.36342,-3.0332534,15.373635,-9.538052,15.4044285,-5.873306,10.492948,-2.7286465,10.058566,-9.716577,12.8501835
15,Angry,Normal,1.568,0.03526524,0.027257564,203.16742589504435,32.52727233079695,-440.0116,112.07891,85.17301,67.45646,-16.46374,41.419346,25.211428,29.721743,-13.007543,31.567032,-15.74777,22.5846,2.9575272,21.767681,-20.575848,20.688662,-3.5398567,10.660403,-11.990334,16.833763,-8.643758,11.388828,-2.225247,11.189765,-11.76804,11.725355
15,Angry,Normal,1.632,0.018060442,0.017456094,166.1869979133697,28.83856645056012,-502.72913,99.96438,110.243744,58.025856,-14.740184,37.347424,33.995895,34.590137,-7.4137745,28.62562,-7.6519814,21.216408,6.918513,22.004856,-15.439763,18.803947,-5.1052413,11.385347,-3.250343,16.672787,-4.593445,11.606148,-3.5705671,11.458686,-4.9848385,10.976027
15,Angry,Normal,2.432,0.015048952,0.015221083,157.28158707762304,36.092312286431984,-590.14197,189.38559,90.18044,73.64498,-8.442638,40.73866,33.157326,26.437574,5.0356975,24.502342,-2.2122602,22.256233,8.161785,19.196674,-5.047537,20.908102,0.010734683,14.9659395,-2.3919263,17.438627,0.3314339,11.718751,0.45143825,13.069091,-0.73925054,12.385706
15,Angry,Strong,1.504,0.033203002,0.025931384,173.61504969346345,35.09708645927636,-432.28616,111.74352,89.88504,64.63287,-13.027011,38.5733,32.305313,30.957582,1.1032194,24.150826,-15.792717,23.361483,-2.3123386,18.966589,-11.414814,19.1151,-10.705585,12.521718,-2.8714902,14.471561,-3.2043538,12.585156,-1.925132,10.64192,-8.624079,13.02698
15,Angry,Strong,1.664,0.055833634,0.055997543,287.897438045345,60.26955307997387,-405.2235,108.449524,63.49872,58.982452,-17.119015,45.383545,24.674585,34.017345,-14.503238,29.690813,-11.952069,24.116201,-0.9725777,19.071314,-16.83061,17.624891,-9.401546,13.918746,-10.534822,16.286413,-4.611739,10.056726,-5.692131,13.967572,-14.856103,11.387165
15,Angry,Strong,1.792,0.04697894,0.043455355,253.01498414955745,42.616343101996094,-430.61798,99.758896,90.199455,51.192757,-17.201513,33.96363,19.38579,34.95833,-15.118139,30.179073,-7.732615,20.352997,5.969479,19.583988,-14.968956,21.32074,-1.789006,15.666369,-5.4560623,16.625246,-3.6547153,12.6470175,-2.495584,15.360646,-8.655351,9.496734
15,Angry,Strong,1.568,0.04199688,0.03617844,260.83105560281075,55.02486553151525,-422.98737,105.26607,82.82747,54.279205,-22.288422,34.347885,23.250904,31.475336,-13.851615,30.362171,-5.8498483,21.310692,2.2438798,21.827433,-14.538927,21.503395,-4.319835,13.633975,-6.378324,14.729645,-8.582195,11.272287,0.41916487,14.00756,-10.0299835,13.694677
15,Happy,Normal,1.44,0.010909906,0.009191941,132.1110381184694,18.372730527303947,-552.13745,93.40122,132.99109,54.108948,-27.779745,35.287292,40.35801,26.776678,-2.134237,31.87632,-13.693885,20.003868,-0.45673144,17.436367,-14.311785,19.89528,-6.9384327,12.933841,-1.0878398,16.039371,-6.718882,14.303627,-5.180266,9.984394,-4.905494,10.261422
15,Happy,Normal,2.3446875,0.008036997,0.010384595,126.7572012566169,33.69672382714736,-683.4883,189.85228,96.78507,57.70614,-6.130184,39.56432,30.599945,20.070042,4.8464665,26.526054,-0.8684243,19.975965,5.3771243,16.36537,-5.7855387,21.113256,-0.10844129,14.694869,0.22336063,15.39829,2.258812,12.86289,-0.2806464,12.032109,0.37034392,12.235782
15,Happy,Normal,1.44,0.013483237,0.009308969,129.54216927780112,19.403972905057824,-521.64667,106.15389,123.67054,62.10043,-23.955967,43.204144,39.77804,26.329842,6.3678646,27.257425,-14.800576,20.286922,0.8679013,19.806969,-10.9436455,19.254097,-6.143701,12.235831,-3.5365288,14.8658085,-0.9182495,13.8983,-5.028733,10.065038,-1.3728396,12.6050205
15,Happy,Normal,1.6,0.009563931,0.007779964,135.87343968503117,36.45845629124321,-580.5359,138.10797,120.15051,60.663513,-17.961378,49.234295,37.20525,26.91604,5.1386766,24.619215,-10.076185,19.705769,-4.6184525,17.20385,-9.210238,18.020178,-8.566804,12.705837,-4.51733,14.218739,-2.5452566,13.741345,-6.898031,8.790215,-5.254477,10.509889
15,Happy,Strong,1.824,0.02427695,0.019485654,204.5454864182041,14.035944448309904,-523.012,149.26572,90.468185,45.825214,-7.7395926,35.467777,38.028923,26.712366,3.9140782,33.784023,-4.1903114,20.56859,8.622484,19.266401,-6.2058954,25.095396,5.3881974,14.290455,1.7319987,14.536323,-1.9176995,13.406795,4.71113,9.812815,-0.056457352,12.24457
15,Happy,Strong,1.984,0.022295205,0.018825175,158.25464776775524,42.75095803698317,-485.6797,113.09381,93.694,61.90826,-17.140423,49.40236,34.847412,24.560677,0.79635084,33.2122,-13.684301,19.0722,0.9825585,19.175827,-14.226287,22.973577,-3.817022,14.607943,-2.4638755,17.467106,-2.4943683,14.118067,-2.2678113,12.824854,-3.4790535,14.229457
15,Happy,Strong,1.536,0.02101205,0.016598474,140.34148084669647,28.355231521675616,-480.90472,109.22647,114.27286,54.26035,-26.685816,34.470207,44.166103,25.476124,2.9137204,30.589571,-12.591114,23.265482,5.6525936,20.12101,-13.890787,21.239681,-1.7159951,12.489245,3.160123,14.6749735,-2.4084442,15.960543,-1.2040204,12.834633,-1.144673,11.847508
15,Happy,Strong,1.44,0.020447247,0.014407997,141.13618259562642,24.77906703267272,-469.57925,116.63564,105.24808,53.902653,-27.978678,44.006844,43.338444,24.22869,-2.8496196,32.188694,-15.975214,16.991741,-1.813713,16.632488,-17.011833,22.145493,-2.6576862,12.396083,0.20197941,11.602873,-4.845997,11.734163,-5.6177626,10.197376,-5.052142,10.594785
15,Sad,Normal,2.304,0.00459408,0.0055306656,103.57962266134888,33.19311320070879,-737.60486,200.35391,95.11964,56.21276,2.6691806,31.468405,32.81011,23.182941,8.19623,23.252111,3.5157645,16.696842,4.5484242,16.489498,-4.6760793,20.298166,6.1978993,15.906446,-0.7446133,18.047094,6.561642,11.919558,0.14113072,12.084474,0.17246765,10.384866
15,Sad,Normal,1.408,0.009762186,0.007315702,128.11632464291813,12.203371638250603,-557.2244,103.99945,119.0635,67.690796,-18.325089,37.20228,35.520462,26.48953,5.6272955,21.472628,-10.376697,18.618626,-5.415145,18.25556,-10.684857,17.3465,-4.492105,17.31182,-6.2987647,18.586613,-0.94033056,12.199521,-2.3395061,10.070273,-5.5330677,10.784211
15,Sad,Normal,2.56,0.0049255257,0.0056771846,161.17049405158645,65.43524319777904,-711.70526,183.6478,94.385704,60.207516,-0.4353488,38.80873,31.615858,23.326412,9.336093,19.83145,0.23467946,16.749239,-1.3230988,17.271936,-6.071928,17.868628,0.03749506,12.629923,-3.3692932,15.437222,-5.1660995,13.381742,-4.259832,14.081164,-2.4724023,12.588452
15,Sad,Normal,2.144,0.007339379,0.008385736,157.77036949902302,54.63943270802839,-665.0366,188.08665,95.889786,61.99913,-4.327623,34.326206,31.589998,24.692383,1.37612,26.47544,-4.0236783,16.742239,0.70879817,15.194116,-7.612557,17.979025,-0.44251326,14.526194,-4.9775224,14.780237,-3.4008029,12.766676,-4.2789855,12.860076,-5.4465456,10.430501
15,Sad,Strong,1.984,0.01278422,0.014206869,146.14551895504388,10.837664062643348,-614.6041,126.15903,95.05709,50.785507,5.8984737,33.56617,29.641436,19.466764,15.152411,26.032515,1.804917,22.040003,4.645264,20.94089,-3.0360801,23.907104,3.423194,18.312439,0.042144623,16.473982,2.1665347,15.968001,1.6176165,13.580745,-0.8354342,13.104234
15,Sad,Strong,1.632,0.011683706,0.0098267,137.41947758989977,16.37810639255141,-546.8217,108.338615,101.08557,71.32668,-20.5974,42.692245,37.94792,28.533983,-0.6069306,24.548992,-12.784107,21.311314,-2.87578,18.591927,-17.339535,21.443947,-2.015311,15.065884,-10.300128,17.322096,-9.04834,10.641954,-4.219108,12.000194,-10.140515,10.59219
15,Sad,Strong,1.792,0.013138786,0.01679203,141.12902594545054,6.621999785838342,-607.57086,116.586395,93.838615,49.261204,2.361035,33.962166,32.040627,25.320698,11.160094,23.3112,0.29051346,20.315575,4.0576468,19.170464,-3.2690713,22.74314,2.0556915,17.79577,-1.4317698,17.412968,5.5934978,16.120916,0.1434194,13.36175,-1.1592916,12.999155
15,Sad,Strong,2.464,0.0085663935,0.00744459,122.46592561126324,37.51385245086597,-667.02026,168.06134,88.59488,57.17355,0.17399912,39.32453,34.391666,23.522253,16.423275,22.866648,2.257129,25.9607,2.5576513,21.224134,-1.288246,23.7978,5.4922647,19.392775,0.0697575,17.311384,-0.5526929,16.060133,1.8434242,15.293096,1.5330391,15.345428
16,Angry,Normal,2.08,0.025177386,0.027686438,241.29012010161256,31.7476062846522,-511.85056,113.842255,71.98054,59.468502,-0.97069997,39.794563,9.612098,39.78248,-19.326672,30.816904,-11.141868,25.684904,-12.070411,19.001083,-24.750828,18.669725,-2.6715608,13.051251,-13.092679,16.1138,-12.7930765,11.724199,-2.218659,11.789264,-11.723676,11.608203
16,Angry,Normal,1.984,0.030993715,0.026497206,237.7839420789876,48.258405770132605,-482.41064,120.15991,63.59002,74.62107,3.2121956,42.313072,14.098812,38.287285,-21.99653,35.867863,-12.095069,18.981993,-18.177794,19.471287,-23.850994,16.322926,-6.332728,16.717762,-13.378594,12.5534115,-15.411534,11.906562,-3.890202,10.659857,-15.909939,12.246324
16,Angry,Normal,2.08,0.021004444,0.019131633,243.42456370922463,48.0058199611296,-518.1768,107.46641,76.402275,62.10201,2.1218653,38.917225,13.54078,37.96599,-20.132011,30.959747,-10.847382,26.576603,-18.185196,19.326345,-17.88007,18.598871,-0.2576942,17.338467,-12.185026,16.882093,-8.763391,13.631598,-4.351723,13.307676,-11.068094,12.907483
16,Angry,Normal,1.984,0.020562163,0.018144626,233.4606840693492,47.5916718765586,-529.8221,125.53202,64.98936,73.80364,0.5748009,45.030422,3.3059156,38.09435,-21.107302,36.578667,-11.996231,20.517689,-22.547743,19.126122,-23.128326,15.844535,-8.637121,13.25503,-11.700593,12.920888,-15.485199,11.1778345,-5.626077,11.544401,-14.285944,11.970006
16,Angry,Strong,1.792,0.072933406,0.067621805,330.8716106144614,53.4568537337276,-407.71735,101.77651,42.291977,61.839268,-24.797802,51.818897,7.6132507,37.176567,-38.417477,39.768253,-10.403672,16.810705,-19.409206,17.260254,-35.727947,19.167679,2.6207132,16.204498,-20.451864,12.908211,-15.507034,13.122641,-13.079077,12.867586,-17.75138,12.532279
16,Angry,Strong,2.144,0.048842523,0.050488845,294.0093659807817,41.01182572858838,-468.11057,128.08252,49.52998,68.98409,-15.273086,45.144077,4.9126387,35.182716,-31.347548,38.94289,-11.988335,18.080914,-14.69677,17.705801,-28.960308,21.461561,2.4583647,13.59741,-17.548433,14.273918,-10.208964,13.040642,-6.2134733,13.476906,-17.10689,12.191426
16,Angry,Strong,1.76,0.06816116,0.08451281,337.3433449507697,76.83534999728403,-416.85965,95.71303,50.977146,50.847057,-27.802269,45.426743,1.9122156,32.817608,-33.412792,33.66522,-13.788821,25.571579,-19.651018,17.672884,-33.328808,16.475609,0.08566614,13.362541,-14.8598795,17.533401,-13.875091,14.8387785,-8.906353,15.019684,-15.029064,14.129521
16,Angry,Strong,1.984,0.04440627,0.046028737,287.8622623761293,58.53245995862843,-452.45193,113.37058,64.352585,56.46843,-10.953751,42.752525,7.1562653,36.573593,-32.238403,34.082188,-12.30949,21.07139,-16.03073,16.504505,-25.605865,16.60053,-1.5292995,14.835326,-16.45998,16.280046,-10.378828,16.055788,-4.4233418,15.0503,-14.946678,13.627221
16,Happy,Normal,1.792,0.014588699,0.012950929,260.27479339016014,66.40256086880565,-564.1238,106.46883,80.67662,63.585377,-10.493386,40.02932,18.164686,30.384916,-15.039072,29.499083,-18.033134,22.416588,-20.22393,17.789616,-9.707742,16.984478,-3.4337802,14.277026,-18.172081,13.921818,-10.157726,11.269461,-2.5874019,12.4298315,-12.214294,11.255266
16,Happy,Normal,1.728,0.013268307,0.01089189,214.8801761934956,39.38122455503469,-557.6643,95.86868,87.75355,59.614315,-19.255753,45.510006,21.088232,33.175133,-19.033363,29.835169,-18.897757,22.198307,-21.487074,19.427483,-13.842037,16.602726,-1.3577329,14.670231,-19.233759,14.389583,-10.41089,12.873928,-4.1636496,12.903811,-13.638548,9.855687
16,Happy,Normal,1.792,0.012939796,0.010415161,205.14619303952,35.65388728234265,-571.63965,97.48021,91.05575,70.1785,-2.7277398,45.084232,19.59285,34.245148,-12.162588,30.681671,-24.555984,17.749022,-21.066563,20.180855,-14.047851,18.86344,-6.4041905,14.805399,-16.550741,10.898059,-13.987534,13.095515,-5.141207,10.675355,-14.119336,10.591413
16,Happy,Normal,1.728,0.013983305,0.010598691,224.70790755898352,31.63561437906572,-564.3537,98.77405,82.44274,78.31182,-7.4469686,48.584023,17.701956,32.206444,-13.0412445,30.871183,-24.225626,19.093023,-23.42192,19.522177,-19.314306,17.087282,-2.7643545,16.107399,-15.5863695,9.310201,-16.28607,12.042185,-5.073917,9.783659,-15.158652,9.438163
16,Happy,Strong,1.792,0.026351748,0.01782864,253.50166175601416,48.03201897297895,-499.19962,94.81315,63.20135,68.217316,-12.242181,47.340946,13.503739,31.726074,-25.662966,35.358044,-28.161684,20.558338,-23.246908,20.501812,-16.718771,18.830822,-5.3729324,17.874826,-23.80249,12.674306,-16.74312,12.86653,-11.64041,11.832938,-16.437563,12.516369
16,Happy,Strong,1.632,0.03794205,0.03710495,300.92716057079576,67.9427410507259,-462.95032,100.87422,66.40681,56.397617,-20.014479,39.753326,12.708767,30.081566,-22.2581,28.50862,-19.21745,24.293018,-15.366116,19.63541,-18.401453,18.741566,-4.333601,14.245388,-17.835333,15.700177,-12.7729845,12.31681,-5.1833506,14.183207,-13.642051,13.19536
16,Happy,Strong,1.856,0.021558557,0.017331325,266.5243992562964,51.60487789062702,-524.516,100.71953,76.509735,60.089622,-22.025873,44.44979,11.289585,30.257975,-20.343948,31.213732,-19.842787,25.328598,-24.000084,19.169912,-17.955606,17.20489,-3.8551044,14.667882,-18.192577,12.23239,-15.363759,10.712978,-6.051838,12.337807,-14.672975,10.678613
16,Happy,Strong,1.824,0.020596208,0.01655935,213.57126386003728,38.71693665581744,-518.9018,101.03113,77.007225,66.64613,-10.392638,46.750996,16.120687,39.02759,-20.16211,31.489449,-22.073788,19.000528,-18.845222,17.782187,-17.905787,19.109356,1.5721608,14.577462,-14.617049,12.341784,-15.011604,13.102885,-5.8870296,12.868627,-22.118486,11.512675
16,Sad,Normal,1.728,0.005286022,0.004495133,217.18668940273116,55.061671188133005,-670.9461,91.58397,104.68362,64.30572,0.9508358,36.23191,19.335688,29.14934,-14.522297,27.068071,-18.839153,24.466692,-22.74823,18.48334,-8.976403,14.069593,-7.3071218,14.604761,-17.821495,11.445094,-13.016074,10.420091,-1.0639846,12.8304825,-15.618161,10.008954
16,Sad,Normal,1.696,0.00574227,0.0036827277,208.47777758008831,26.277258621845437,-680.6199,95.98426,94.18923,85.18589,14.873252,40.87797,20.252232,28.544933,-6.0574102,23.29281,-23.712233,20.380033,-23.630026,16.748827,-10.479994,14.1366625,-7.8273854,16.29147,-17.330412,10.807635,-14.853062,11.227083,-6.274095,12.051765,-13.191554,9.189474
16,Sad,Normal,1.728,0.0059131454,0.0052369675,217.93898036092563,32.01237875275722,-658.1595,102.29564,92.6173,67.838806,7.02182,35.119118,21.937925,30.396946,-12.027973,26.733675,-13.593195,21.482084,-25.915998,15.15157,-3.5798192,13.173982,-10.290154,14.142402,-14.357604,12.696628,-9.630807,9.278103,-0.54557085,11.500779,-13.7541065,9.997484
16,Sad,Normal,1.568,0.006706111,0.004331636,198.72734806744072,29.14710523846351,-650.384,108.18823,98.73781,81.00123,8.313925,45.240307,19.233202,29.22571,-7.413663,25.496834,-22.536713,18.80594,-23.720638,17.547031,-10.622667,14.618497,-4.618866,12.312396,-17.718966,10.967746,-13.102815,9.9422035,-2.7555351,10.97251,-14.227344,10.574256
16,Sad,Strong,1.92,0.0095312055,0.0076148575,257.9374031783371,31.957810312253056,-620.4677,93.47393,81.64652,73.20122,-6.633519,45.986107,12.296469,28.527834,-14.87218,27.718576,-30.024582,20.137161,-22.540491,23.035397,-20.037556,16.519896,-7.313463,15.241441,-18.668184,11.12367,-17.266026,10.920636,-2.9877393,13.214154,-20.805101,13.121067
16,Sad,Strong,2.112,0.009308586,0.00758614,266.78115335572625,21.47845396821528,-625.97736,98.36008,80.32262,77.57723,-8.494421,41.236317,12.559111,27.101511,-12.454756,24.94444,-32.714638,18.016956,-25.763638,20.659529,-10.02221,14.343005,-8.699473,14.896235,-19.581745,10.952796,-14.459873,10.489483,-1.9818738,15.144063,-15.523735,11.164977
16,Sad,Strong,2.272,0.0052070534,0.0052189245,259.9143957346517,25.59905903238334,-675.01654,114.55793,75.89167,68.549805,-5.0013814,34.907227,14.219475,24.679514,-8.614747,23.664204,-19.189268,22.04006,-24.247139,17.71372,-12.697262,14.457275,-1.2360741,16.638426,-14.450266,13.388005,-13.543067,11.02217,4.8565793,14.0279455,-14.346979,14.153002
16,Sad,Strong,2.176,0.0063493433,0.0066260677,222.12566435992497,30.86882661725799,-646.371,98.50114,85.66668,66.06504,-9.505822,34.399605,19.436575,28.405508,-10.616616,23.098118,-20.450117,20.165611,-30.174082,21.35356,-12.692285,13.463557,-1.0229009,14.565319,-16.355827,17.03307,-11.175807,9.169304,-0.5615588,16.718927,-18.317509,11.08403
17,Angry,Normal,1.504,0.018679734,0.014920432,119.30186184239186,14.930175659047986,-498.92203,109.54835,102.56198,76.68796,-12.003296,46.965363,40.803513,30.554396,-5.7366414,33.39791,5.058207,21.610176,1.6311398,16.534204,-22.114347,18.894335,7.288831,13.996721,-10.735709,17.89277,-7.8158484,14.195823,8.678655,12.773304,-10.484427,13.022003
17,Angry,Normal,1.504,0.010283856,0.008562824,109.64730906638732,10.528874460837516,-570.391,116.58854,108.8912,83.750916,3.0041287,39.55962,33.798805,30.174015,2.6799624,30.431616,10.182706,18.700953,-4.3055105,14.689241,-17.681553,17.09655,5.506471,12.254378,-9.367871,14.238502,-5.9833016,13.851366,9.205343,10.895958,-5.891291,10.467649
17,Angry,Normal,1.6,0.009294949,0.009888192,108.8491851970936,11.738159529020413,-580.54114,104.821594,118.52362,62.1789,4.154014,32.505413,29.871206,30.674742,4.2751136,31.478102,6.508992,16.331593,-0.99994487,16.296928,-6.5325346,13.438267,4.727206,16.419384,-7.7856803,16.027906,-3.3024576,13.173955,4.5359335,11.397126,-6.159813,12.328099
17,Angry,Normal,1.44,0.0057355706,0.006418461,108.02982584306228,17.68483105331957,-625.66614,112.63925,110.548805,56.192844,10.971769,29.227222,29.43618,29.317339,14.053688,28.774643,6.557028,13.325806,-1.4126321,14.543866,-4.622166,15.8580065,3.0127716,16.178356,-2.9532034,13.0982,-1.6042742,12.0482855,6.294743,10.306458,-2.8834128,10.453074
17,Angry,Strong,1.44,0.054365117,0.052181482,185.48952307440248,72.36157906912972,-395.26093,111.11657,94.1929,50.507366,-18.841732,32.964798,35.952873,32.213177,-0.41351044,30.62424,-2.008854,17.027897,3.83437,18.6303,-19.349041,18.063921,0.47926036,12.434536,-8.616454,16.630817,-12.978506,16.25428,10.13823,13.703721,-13.209102,13.1475525
17,Angry,Strong,1.568,0.06454797,0.05288125,184.8588702082344,19.57416260573639,-381.2349,112.126595,92.17241,63.646732,-23.324427,41.36983,27.93707,32.361317,-7.8197947,34.147705,-9.122312,25.782494,4.8740506,19.460575,-23.95893,18.845827,-4.284277,11.815285,-6.261017,14.124241,-15.357042,13.824646,9.978606,11.765369,-15.137959,13.906643
17,Angry,Strong,1.632,0.09466121,0.07977826,219.9209515907966,40.99423808476388,-338.37485,103.98951,84.66541,45.8872,-24.79241,32.502983,31.107975,31.31531,-10.589381,32.323387,-9.38831,22.075022,1.9644381,16.344425,-21.657602,19.699707,2.939402,12.800462,-2.8911645,16.826515,-13.436945,13.21842,12.207342,12.339153,-16.29223,13.768541
17,Angry,Strong,1.664,0.06533719,0.0493854,196.40329517387343,24.507668542717028,-374.36133,97.59729,84.54897,65.73659,-23.98118,40.888866,30.64264,31.390146,-7.4446554,34.526657,-5.71689,24.997278,0.05121288,18.020258,-26.344233,19.608475,-2.0794044,13.984263,-4.10072,14.779085,-18.80021,13.508256,13.907393,13.10742,-16.903484,14.364997
17,Happy,Normal,1.536,0.01778618,0.012125755,146.3269496483436,27.685647145332744,-536.8671,96.04879,112.98443,72.85877,12.639281,32.818707,29.33869,25.571054,3.1242044,27.481218,7.4551296,20.883102,-8.306064,15.191205,-15.254382,17.070997,-0.90499336,15.984185,-7.002779,14.467839,-14.329255,14.240244,8.900747,15.6460705,-13.878643,11.74073
17,Happy,Normal,1.408,0.02171497,0.015347985,155.77989426614874,42.35078751474836,-502.3421,96.45364,109.282486,83.24123,-2.6157756,44.204483,31.684826,25.367115,1.4659673,25.458384,1.3838307,18.648026,-7.7489853,17.563808,-24.026014,17.393663,-0.05496919,13.995116,-6.931891,15.775075,-14.284204,12.652676,9.472903,14.76821,-14.292871,13.33783
17,Happy,Normal,1.472,0.012230233,0.00922781,157.97752295430712,38.2393227143666,-566.94543,94.112885,115.81139,59.675354,5.584052,28.593327,29.958416,26.72272,5.2490954,29.925465,6.6151476,16.708426,-11.144628,14.818647,-13.201529,15.648059,-3.2696137,14.714134,-9.316155,14.241633,-12.192008,13.07478,5.1544733,13.239679,-11.416219,10.774739
17,Happy,Normal,1.504,0.016235707,0.011599069,178.94490959774723,32.60925481911789,-551.10986,86.315735,112.22909,56.6057,8.129602,27.352674,28.299604,28.591293,0.91805667,32.317635,2.3885756,16.702036,-8.899424,16.684744,-14.758537,13.699641,-4.686854,17.73232,-8.51802,15.335666,-13.769177,16.424095,5.906761,13.796014,-13.491299,11.820689
17,Happy,Strong,1.728,0.036564015,0.025278507,233.25709646255012,86.08134275242399,-456.91376,90.491615,74.60687,78.06405,2.301558,29.692139,7.940144,26.330273,-0.92034006,25.286497,-0.58403057,21.883638,-15.028953,15.672598,-13.542472,15.283696,-11.561214,18.557354,-9.45075,12.072911,-17.834732,14.483374,-1.3563225,15.86051,-15.900203,16.23053
17,Happy,Strong,1.536,0.042295706,0.031689446,258.657678305591,43.94749719167332,-438.24112,85.34782,84.15366,43.554024,6.7620573,21.323513,18.898027,33.649036,-4.22169,31.685741,-0.9522929,20.90587,-8.813019,17.713146,-7.2691913,12.350646,-8.65872,15.83075,-0.11191817,11.20313,-14.393637,14.549354,1.186289,10.43895,-14.880393,13.997018
17,Happy,Strong,1.792,0.060968135,0.056411125,275.9944697370454,60.17335774576432,-403.38907,77.40785,75.02743,48.127575,4.0577164,24.99524,18.93411,35.098053,-1.8662014,33.255867,2.8498936,19.032042,-7.3514323,16.807285,-5.9997077,14.291518,-6.306642,17.134981,-3.4514344,10.613177,-12.553817,16.171133,1.0151769,11.652751,-14.438965,14.953921
17,Happy,Strong,2.048,0.030885026,0.024455756,258.09408693686674,50.13755031040728,-526.2104,149.43977,71.55066,67.41828,8.168725,30.042215,13.995174,28.893183,2.3002448,29.327053,1.1569101,23.145107,-9.792968,18.4978,-9.002121,19.512373,-5.5114045,19.902151,-2.2593882,15.14661,-14.621758,18.692072,1.4733081,14.463655,-16.591274,18.534851
17,Sad,Normal,1.504,0.011695682,0.009406783,127.65160511787896,24.3169161285794,-565.16504,93.33311,123.46328,69.17235,-1.192608,32.27412,40.51253,29.033459,5.1989317,26.344421,6.423508,15.988057,0.8595555,13.500823,-19.646318,20.287401,1.968362,16.419216,-2.6503203,17.68649,-10.561451,14.277399,4.3101425,11.166792,-4.173586,10.214496
17,Sad,Normal,1.376,0.014208137,0.011553215,137.8319093557012,24.312610181523542,-543.7908,93.94639,129.92334,63.252014,-6.3809495,34.44421,32.673363,25.516182,3.6804702,27.054043,4.044517,15.909799,-2.4135342,15.05509,-17.971418,18.385664,0.7562999,14.780212,-6.050992,16.568237,-12.555225,14.872077,3.703899,14.440567,-8.427001,10.154025
17,Sad,Normal,1.504,0.013767887,0.011160838,123.2725532275835,20.49898608752113,-544.72363,103.105804,115.96637,80.92948,1.2081295,41.526833,32.373875,26.591139,-1.3581324,27.615639,5.172293,19.064663,0.44108027,15.292459,-17.933456,19.830854,0.81575525,15.874711,-7.8695045,17.550488,-11.586345,15.780766,6.314809,13.033139,-9.968402,9.430141
17,Sad,Normal,1.504,0.009603453,0.007000417,114.83349163761122,13.853427197656105,-596.87726,104.30603,126.445625,79.79614,17.75392,36.10501,38.57094,30.415176,-1.8461643,25.496378,9.084555,18.39907,-0.044931877,14.305851,-18.173409,17.88826,3.8793793,17.57577,-7.5805874,14.423656,-9.120529,13.446,6.64639,12.466702,-5.7532034,9.378515
17,Sad,Strong,2.048,0.014500972,0.017888032,150.4445266922277,28.11577136937897,-581.1023,148.32233,95.06124,51.897194,-6.8462257,30.992645,30.374577,26.17676,7.203093,24.49019,4.4185405,15.61999,-2.2269144,13.540958,-17.195894,22.885794,5.2164025,16.068914,1.3792953,18.422441,-5.545953,16.110054,7.6777344,13.647369,-5.3461194,14.035438
17,Sad,Strong,2.08,0.01821204,0.018072978,159.04489022377678,24.6427982515114,-571.4537,152.50525,96.273384,48.51815,-3.5259657,29.522934,31.124037,25.666084,12.85466,25.761913,8.670902,18.719578,-0.81607014,13.851802,-11.274907,21.327585,9.461649,18.325047,5.516118,19.296,-2.753304,17.576427,10.989313,13.0507,-3.4814575,14.416693
17,Sad,Strong,1.376,0.020662598,0.016852407,146.7145052191811,21.868705721957383,-489.11334,101.863754,96.721634,72.89779,-9.295478,41.765182,32.355934,26.791779,3.8593001,24.113724,-2.1615372,21.032736,-1.6907253,12.045452,-23.911945,20.60387,-4.0043187,12.737333,-6.319588,16.149017,-18.380238,11.533387,9.534882,15.129635,-13.358578,10.969811
17,Sad,Strong,2.24,0.014395474,0.014657184,140.20200735009428,19.391843854730915,-592.01624,146.43846,86.16212,61.46417,-3.4240701,38.929485,31.276146,23.492466,5.9285455,27.665392,8.84652,21.617325,-4.9554644,14.665964,-15.248718,21.739204,5.200781,17.471699,3.5789778,17.219086,-7.329744,17.147734,11.527286,13.834623,-5.40451,15.155698
18,Angry,Normal,1.952,0.016027575,0.01383796,247.26159848059012,48.322214301892046,-544.1752,81.06633,91.36383,64.631004,-30.828838,43.087505,7.056414,33.400738,-27.320288,30.5101,-10.899841,25.94613,-19.212687,17.592997,-31.316845,17.517563,-5.2031436,17.82329,-6.8614273,12.994377,-13.211426,13.388903,-7.995878,13.298107,-12.961962,13.251968
18,Angry,Normal,2.24,0.011749844,0.010129465,234.89458333466945,41.04493387946678,-555.5324,78.09625,80.23345,65.80239,-14.064147,40.272713,10.600755,27.183086,-25.605196,24.85719,2.5465772,20.991653,-14.211247,16.406801,-25.407999,18.373037,-10.732832,14.000499,-6.8779707,14.155648,-9.550828,12.179905,-8.593931,13.585418,-11.866822,12.170575
18,Angry,Normal,1.632,0.023438279,0.016498186,276.2259595872631,51.163230771464576,-522.641,91.50132,81.06497,81.55161,-16.48529,50.925552,2.9697688,27.5102,-26.432676,36.236122,-11.329922,18.135593,-19.98559,16.862047,-32.84901,17.614397,-11.774473,19.40144,-9.524239,12.486961,-14.986075,12.367248,-12.24839,17.913818,-12.552861,10.527677
18,Angry,Normal,1.76,0.017182643,0.011467067,261.69270787817766,46.37995976987039,-541.9916,93.37493,90.682434,69.01582,-21.916746,43.83987,3.662331,32.480335,-26.784256,29.987337,-11.771203,18.692753,-17.16211,16.107176,-30.307573,17.212646,-12.929594,15.837037,-10.128417,10.527096,-18.189695,11.330568,-13.742884,14.067472,-10.654735,10.711504
18,Angry,Strong,1.632,0.10895615,0.10527755,435.66010174395774,64.29889423450267,-390.86053,85.172966,-2.0896719,35.879566,-56.318043,35.65882,-14.983658,34.473503,-37.547417,20.384182,-18.111643,24.11957,-11.390707,20.691788,-22.482183,20.416698,-19.006014,17.741898,-11.724309,15.774323,-17.962557,23.306507,7.761018,23.370426,18.579405,25.285803
18,Angry,Strong,2.208,0.11475336,0.121860586,421.4418725976579,56.86053287622314,-412.6352,107.84152,-10.047205,40.241577,-55.81423,44.08291,-30.42313,33.33303,-31.88011,22.999262,-8.457234,23.459053,-15.694949,19.119555,-16.363224,23.712727,-15.946224,13.162375,-14.673596,16.043535,-14.614005,15.228025,11.391548,24.23213,20.837124,30.012075
18,Angry,Strong,1.856,0.114140205,0.102494,398.260518821346,50.05455165735199,-391.77054,88.88685,-13.9820595,39.92941,-55.25907,43.597946,-25.779947,36.647934,-31.00127,21.82438,-13.03316,20.593763,-14.86755,18.918201,-19.924067,20.037172,-15.853996,13.873116,-16.274775,13.805209,-18.118309,18.106802,15.605697,21.763292,24.92221,30.188276
18,Angry,Strong,1.728,0.13661289,0.12515587,286.29237620504136,51.99228800493784,-381.74673,73.65299,-19.821991,36.536358,-59.333374,35.738888,-25.802977,32.61024,-33.015347,20.714878,-10.752048,22.639603,-17.003393,17.773249,-18.208544,24.669518,-22.406637,14.648951,-10.812771,19.975693,-2.58839,22.072561,29.69163,28.743402,33.79189,25.849514
18,Happy,Normal,1.536,0.009962309,0.0068525365,264.6699039840508,30.26252667260392,-588.34357,72.10442,87.01782,51.25019,-20.536806,43.46002,22.524652,27.156885,-23.75855,20.295004,-11.9081955,19.261639,-28.87655,13.169692,-21.568777,18.239845,-5.6607966,15.093545,-11.912756,15.715745,-18.589132,11.393782,-14.103731,16.766745,-4.1485114,10.092839
18,Happy,Normal,1.664,0.008790104,0.004924277,245.02377012061797,46.57434789956193,-612.50256,88.45325,93.18668,54.59193,-7.954878,43.24656,21.413609,22.463285,-20.966677,30.126955,-12.331365,18.298498,-25.058956,16.692963,-20.24753,23.055237,-7.728704,16.1711,-15.1045685,11.845835,-16.905575,12.494676,-16.486788,13.423134,-4.9017467,9.544747
18,Happy,Normal,1.536,0.011828011,0.008265276,241.44489250209105,49.51975063494201,-578.8954,95.632164,98.406525,56.195168,-17.486101,43.201866,20.136864,26.528913,-16.664566,21.671154,-4.8896437,18.36119,-25.762613,17.17618,-22.065687,18.80049,-12.673651,14.531157,-15.284747,13.465061,-12.5779295,13.085535,-15.659605,14.166455,-6.0343947,9.976419
18,Happy,Normal,1.632,0.007477418,0.0043150615,208.25430090281688,40.57403078356574,-626.3472,86.78862,104.89434,60.709366,-6.6468067,40.75443,27.508522,25.629093,-12.908105,25.605427,-3.3645403,21.832167,-26.691484,18.386858,-19.353262,19.16564,-9.389332,17.416573,-12.146138,12.178578,-12.028277,12.977198,-13.820474,15.038192,-1.9523658,9.964971
18,Happy,Strong,1.632,0.07363408,0.078781724,424.0391461946797,45.90642119862753,-437.26324,61.041653,24.170692,30.410975,-49.73444,41.749363,-18.882856,38.727352,-27.833141,18.567806,-21.00554,22.36335,-17.574226,16.049934,-31.997723,20.201496,-17.169016,13.368388,-16.9853,16.47457,-13.633614,17.793608,12.580319,27.59982,26.65312,28.068323
18,Happy,Strong,1.824,0.05164972,0.054822452,403.398320856856,64.63032209516957,-448.52966,74.70497,32.59931,38.41346,-38.531647,42.907013,-7.356141,46.373695,-22.669373,22.343271,-13.969602,23.739567,-14.926344,15.146273,-21.808283,21.500938,-12.273163,15.209906,-15.716659,17.43141,-14.765355,13.324611,9.04015,23.599663,17.363417,27.13735
18,Happy,Strong,1.696,0.05162035,0.03808056,427.0139381195173,49.251720981912015,-439.7279,73.74555,22.437342,31.513672,-56.96035,44.50233,-6.3870173,39.324287,-33.692894,22.422956,-27.18966,21.211575,-23.629759,14.20716,-30.2809,22.908897,-10.016265,14.41088,-15.060653,15.077905,-23.261587,18.39763,4.8279543,27.231459,9.718018,26.727394
18,Happy,Strong,1.728,0.07570161,0.07632396,407.5122900534752,56.25747210472026,-437.9788,60.116924,14.316025,30.378101,-53.560596,39.065784,-21.478756,40.626118,-32.47825,22.59764,-24.876896,21.767057,-21.353735,16.614586,-26.186298,18.289537,-10.788417,19.395792,-19.0132,14.94258,-16.275927,18.184366,5.012844,28.688936,17.550447,32.46949
18,Sad,Normal,1.76,0.0074751177,0.004559989,207.6074736995772,24.31272510128768,-656.5867,84.19023,118.915596,67.41332,10.437404,38.744663,8.745837,27.29981,-12.76797,25.04477,-0.55408895,17.607788,-16.120962,13.504125,-28.574705,17.163303,-4.642954,16.074501,-14.690494,12.037212,-10.916081,12.399544,-14.65229,15.655963,-5.762936,11.181613
18,Sad,Normal,1.792,0.008143303,0.005678185,243.33867464163765,36.54096555631486,-629.9031,90.03073,109.46359,64.15117,-12.2825165,43.37571,6.470208,25.891867,-20.466663,23.666279,-4.1764836,21.117977,-11.387018,16.993803,-30.526052,18.858795,-6.795339,17.479126,-9.683539,14.932461,-18.838106,10.009822,-8.554522,11.5735235,-13.19343,11.642509
18,Sad,Normal,1.696,0.0058642854,0.0038000396,197.02174646031943,21.110674934909788,-679.935,74.281136,118.238914,72.13535,18.111,34.200134,12.657231,23.84174,-14.3168125,26.254873,3.8870308,14.590582,-17.736826,15.249699,-22.18215,15.553445,-6.910114,14.043018,-12.194511,12.855153,-13.233054,10.228632,-13.680732,15.655704,-2.9606805,9.40188
18,Sad,Normal,1.632,0.009872111,0.006582273,242.85142781589067,29.38607738387974,-613.6481,82.44843,116.42523,59.836246,-20.13194,43.664715,15.062197,26.918282,-20.29809,23.57882,-11.937665,21.564764,-10.562606,19.631546,-31.798447,17.110573,-7.9615436,15.016888,-7.6301093,12.054111,-16.11618,10.61394,-8.73025,13.487708,-12.79316,10.085792
18,Sad,Strong,2.176,0.026862537,0.02638281,339.80591726572084,37.71302128835696,-524.308,83.77362,66.12694,43.242092,-36.9007,43.318962,-4.1277685,28.833738,-26.821945,26.932251,-31.826458,19.564722,-27.267601,17.70861,-37.91376,18.751266,-14.509826,13.70701,-1.8133142,15.394104,-27.703354,12.472611,-6.179403,12.29973,-14.497628,15.312375
18,Sad,Strong,1.792,0.032068726,0.026827477,396.9283963147345,64.10507998732756,-510.7717,84.71299,54.616776,36.387802,-40.04788,42.62959,-8.865896,32.44203,-37.945194,25.348404,-27.73796,20.477514,-29.210508,21.166794,-41.03779,17.936161,-20.248003,14.526869,-3.8410316,16.44747,-27.905273,15.473686,1.3874074,22.13121,-4.3681684,25.06411
18,Sad,Strong,1.856,0.030950552,0.025589587,401.7538351872572,65.74111534634028,-536.10443,99.35073,52.16233,39.17448,-44.81106,34.777504,-17.010437,36.463337,-35.47253,28.963505,-25.09133,23.943207,-27.524298,20.068548,-36.85579,18.228748,-21.844507,18.568388,-0.7453544,19.253122,-22.441757,21.210308,6.660915,26.921352,6.6422663,28.96083
18,Sad,Strong,2.272,0.021842929,0.021410514,349.4103509168501,46.983700330326776,-547.08417,105.13328,49.642048,47.15842,-34.438713,43.79533,-3.0192897,28.866533,-23.458138,28.275331,-32.555374,20.568459,-18.546246,17.210531,-36.19261,16.735498,-12.985169,19.500994,-5.4909945,17.055418,-27.598179,13.920258,0.52341247,16.953297,-12.076585,17.70596
19,Angry,Normal,1.44,0.010105274,0.012860875,144.17049154951545,61.53122961700509,-596.34424,107.855125,94.55156,69.75141,27.970081,43.82593,25.912405,33.28927,-3.6522925,31.093737,-2.6835532,19.114962,-12.501381,18.48605,-9.8545265,16.672346,-5.5869436,10.324209,1.0468049,15.097416,-15.239032,13.709623,7.231251,9.698323,-10.113019,13.901418
19,Angry,Normal,2.624,0.012101848,0.014269554,179.40575756404905,26.081548547698038,-634.44025,160.32536,70.38575,70.06644,18.21897,31.872198,24.133436,29.180834,-1.0991417,32.985897,1.1169981,24.11227,0.24322626,19.940083,-8.551675,20.962994,-6.2720084,18.565813,5.4298043,14.483757,-11.356917,21.842672,3.0834496,10.677693,-2.0015016,12.554953
19,Angry,Normal,1.792,0.0146286795,0.014479584,148.45879185345564,25.056226164983443,-544.6868,106.4826,105.20035,59.32552,4.676476,41.497482,32.949062,34.639557,-0.6509759,31.039907,-4.3204064,26.572704,-8.07799,26.252724,-11.995953,19.42716,-14.59616,15.102471,7.6648154,16.750294,-18.711306,13.134373,5.330175,11.382284,-9.234253,10.600557
19,Angry,Normal,1.888,0.018223053,0.015817165,194.8663256933643,64.4443913983709,-508.42017,121.6785,83.686554,57.27803,-1.049196,48.960407,27.158798,39.230907,-9.364861,28.635899,-3.2433708,25.532154,-7.828802,22.349817,-13.223509,15.844561,-15.48815,14.558231,6.84464,12.726962,-15.043088,15.548976,3.314815,11.925289,-8.773278,12.024013
19,Angry,Strong,2.432,0.13964103,0.12368656,336.36617692699554,28.278040014801714,-306.56058,102.611786,36.735416,42.369106,-43.439808,44.000553,-8.148036,35.065914,-27.513775,31.693752,-20.967209,25.396229,-9.18836,27.072844,-12.185372,15.258324,-14.803461,12.450346,6.65839,12.986338,-21.525936,12.564304,1.1909932,10.694527,-16.214468,11.9790745
19,Angry,Strong,2.816,0.108662546,0.08150613,335.21653228518005,30.084370129265352,-335.6459,114.20574,39.987423,42.101562,-43.086117,38.454494,1.646119,36.498615,-34.190887,34.003605,-14.499784,19.585413,-6.028731,26.306732,-13.07582,13.607047,-15.153893,13.731002,9.580205,17.550928,-21.405083,12.568438,0.84533334,10.802236,-11.365636,11.520627
19,Angry,Strong,2.208,0.0654417,0.059197266,297.858179281791,40.51968471385837,-396.67487,105.04845,40.93837,62.657078,-23.180063,44.483913,19.627787,33.43898,-25.950943,31.447733,-21.474201,28.598917,-10.211446,25.779524,-17.023468,14.667265,-16.05735,12.889136,7.226218,18.574867,-21.52453,13.217285,1.6865833,12.319171,-13.866439,11.571771
19,Angry,Strong,1.952,0.0705704,0.06317749,303.7216530584236,47.53921769548354,-367.75897,106.61605,47.29386,50.406204,-27.051569,40.04432,18.374704,32.47746,-23.177351,34.53836,-16.942472,26.351353,-5.8945065,22.956663,-15.176013,16.636852,-15.83764,12.771506,5.387551,16.32099,-22.397419,14.299856,6.2916336,12.34425,-10.927884,14.5185995
19,Happy,Normal,2.773,0.0038387938,0.003514688,144.81546866957052,22.483381155129347,-738.4788,155.34502,101.849754,64.46592,16.430134,30.309607,16.227222,27.630432,9.124539,28.790293,4.02376,20.251692,-11.333499,18.455746,-7.726672,17.123705,-7.62428,20.37295,8.864398,15.526304,-11.16677,13.695457,0.27331498,10.8602,-3.636247,15.303087
19,Happy,Normal,2.272,0.0062852553,0.0051465505,184.94350473669405,33.17322171084402,-647.06104,120.181786,97.61904,51.275234,15.124439,30.695326,21.659676,29.611134,5.733634,31.385788,8.384318,21.559631,-13.347716,21.531788,-4.99216,16.141066,-12.318776,19.996283,6.4375496,15.6498375,-18.506596,14.608308,1.0560381,9.939125,-4.9997644,13.554122
19,Happy,Normal,1.984,0.0035789022,0.0029764755,169.95025279430683,56.37045190642967,-724.7553,137.99698,102.07932,68.71979,25.565592,26.733355,20.930637,25.096449,12.391687,22.612682,11.704217,19.159094,-12.62545,21.551605,-6.089472,16.780205,-9.0075655,17.302984,4.8330064,14.8186865,-10.118066,10.826917,4.494396,10.722324,-10.025098,12.300335
19,Happy,Normal,2.304,0.004971156,0.004348396,160.89547590879368,13.342572961855035,-706.5832,163.08485,90.262474,62.65645,13.915075,31.036318,19.25942,27.810776,5.242753,27.839207,13.402105,19.151558,-9.584006,21.143282,-6.3655715,21.307302,-5.1174483,17.650778,7.4670916,15.296849,-11.309852,16.658653,6.520235,12.50155,-5.3452263,16.94968
19,Happy,Strong,3.5404375,0.01562785,0.015952153,208.4409613752208,76.70678889786186,-590.1559,164.6597,55.49046,63.74795,6.7928796,39.60776,13.861559,26.470322,0.75278443,30.203556,1.2419567,20.10676,-16.190609,24.215925,-8.387783,17.105768,-5.397206,14.511984,3.3864686,12.641199,-11.810643,14.423347,1.873888,9.7079115,-6.3654814,11.665019
19,Happy,Strong,1.856,0.011012231,0.007907899,190.39584091605752,72.26322864028919,-560.7006,83.7864,95.77703,61.0988,22.06905,33.56362,16.857038,33.699963,-3.4264002,31.021864,-2.9163294,22.163864,-14.296202,19.737116,-10.334086,14.855716,-16.029436,13.429763,5.8709526,12.245886,-16.594559,13.136235,-0.12581135,11.135724,-5.4548287,11.131671
19,Happy,Strong,2.592,0.013037515,0.011686699,270.85754557879966,12.623459063511536,-567.5029,132.68933,66.65001,42.38818,-11.342543,30.380178,4.060653,32.90601,-3.494948,30.428543,-0.36740723,17.47235,-26.054338,27.39867,-10.043915,13.381317,-9.846733,16.684366,2.5784483,15.089448,-13.161071,11.271755,-2.7649765,11.4174595,-7.94505,14.932715
19,Happy,Strong,2.144,0.01166778,0.0070721093,173.78053029373984,42.17439326366591,-587.69525,100.84782,95.44164,84.65458,32.073013,31.51059,23.380491,33.863506,-0.7347003,31.937283,3.0169497,23.258884,-10.648182,21.115915,-11.279457,18.7114,-13.360574,17.308647,2.6878765,16.631033,-18.333881,10.653895,-0.6884666,10.6475115,-7.5064707,12.02294
19,Sad,Normal,1.632,0.003157146,0.0019678355,115.68874541851686,20.52149960423152,-687.98627,91.60857,121.835655,57.96092,28.035692,26.482315,26.86447,31.675177,8.110403,24.918976,13.59103,19.706926,-13.584897,16.26537,-8.515524,17.252378,-9.655939,15.596747,0.1866844,14.2284355,-14.462477,10.89945,1.5964985,10.54724,-9.022091,10.720123
19,Sad,Normal,1.888,0.0032655606,0.0020455765,104.9283204435858,14.575910925950849,-706.05884,99.847206,132.92888,65.54579,28.548006,29.75157,32.23658,29.40755,7.7541647,22.024591,13.363783,20.46881,-13.983745,17.048666,-9.973586,16.581142,-9.311607,20.391735,7.201083,14.151353,-9.346472,9.230577,11.768798,12.053131,-6.824472,8.918548
19,Sad,Normal,1.44,0.003625177,0.0023910673,110.2850761179254,17.22366462092498,-680.64874,89.243095,130.82991,64.12031,24.267647,26.989681,23.111984,29.526024,10.441803,21.464554,12.663703,19.194395,-22.130129,13.903239,-10.780481,13.42092,-2.4783275,18.958845,3.3170004,10.093113,-13.103951,9.22508,10.086155,10.775322,-11.359996,12.688115
19,Sad,Normal,1.888,0.0020659668,0.0013809453,115.3298328764686,14.373056610743571,-726.2307,89.46185,115.33212,61.16614,25.523533,24.17648,27.828373,25.661304,11.016333,22.489819,15.184515,19.925049,-18.730167,17.01082,-5.440621,17.221338,-7.817164,13.78289,-0.42827135,13.21557,-13.242066,11.561531,-0.57895553,10.478617,-6.979685,12.221038
19,Sad,Strong,1.568,0.007577453,0.004960992,164.4051568179337,36.15774413109392,-623.0204,86.44084,119.02158,72.30726,15.672491,34.586735,20.829165,32.082024,7.3124714,18.856411,-6.3826594,27.899586,-23.103695,22.177393,0.6201297,15.974136,-24.114094,16.155495,-12.939275,10.972859,-7.060515,12.241361,-8.284987,11.437946,-10.367205,13.038471
19,Sad,Strong,2.432,0.015326737,0.017325912,288.5810701775298,68.83967143191995,-576.65753,132.19183,72.60883,60.629364,11.289676,31.66293,27.348988,24.58951,12.603769,30.099573,-3.4358666,21.347763,-14.930384,20.096294,-0.5475704,15.297057,-12.584296,18.287085,-2.7039762,13.697205,-9.030533,14.445878,-3.5535934,11.444438,-3.1173165,10.112251
19,Sad,Strong,2.816,0.004022682,0.0044814823,98.0210811536814,51.26168403768046,-748.29114,186.10428,77.01364,69.92971,6.267646,28.618206,24.451086,25.831764,10.010729,24.559895,3.7272928,18.560884,-10.3652,21.145466,0.1522247,18.221579,-9.254756,21.138922,3.824972,10.928024,-3.3557346,16.694984,-1.6313015,15.09367,0.09964963,13.749859
19,Sad,Strong,2.368,0.008695462,0.008119646,184.64123314614076,21.87393112307621,-655.8892,150.6368,98.78671,70.14914,11.457387,38.104267,28.698116,26.992455,16.96119,23.21841,-0.03803855,27.919191,-8.847475,22.460941,4.996102,15.788582,-17.293894,22.904634,1.2051258,13.596059,-4.788868,14.1359415,1.3423995,13.367293,3.7474303,11.7898445
20,Angry,Normal,2.592,0.012099721,0.015200085,275.57351337522067,47.342945629626165,-581.1451,120.12886,43.009857,60.39661,-27.808548,47.139477,1.5411348,27.327774,-26.31141,32.665493,-14.039085,18.486351,-24.555153,17.233278,-14.751357,17.717766,-11.486719,13.30107,-6.599977,16.872395,-14.377444,12.042335,-12.481312,18.402851,-8.96265,12.101368
20,Angry,Normal,1.568,0.008676178,0.0061289202,224.4524268521694,39.55308614151442,-589.4527,101.49873,71.599365,65.28978,-12.842712,43.848278,15.312413,28.830547,-26.761395,30.418806,-9.834588,15.412158,-31.671738,17.527718,-14.5254,12.04297,-11.484875,13.670572,-8.721859,14.566257,-13.094678,17.631702,-12.993883,15.954912,-10.129535,13.257647
20,Angry,Normal,1.312,0.004028289,0.0030992902,204.63893331047015,30.22399150278333,-675.1895,100.36331,94.42106,57.301823,3.3538823,32.12408,15.216823,26.80151,-15.793683,25.645876,-1.760109,12.210026,-27.314737,17.097153,-11.635715,12.34439,-20.548273,14.467819,-7.3590355,12.268886,-13.480193,15.28671,-12.625775,15.869657,-9.095474,8.161054
20,Angry,Normal,1.728,0.013886428,0.011624517,335.2130117752268,46.88292969349226,-553.4117,91.85381,61.2886,50.87554,-23.672344,37.362648,-4.8804445,30.6859,-28.05601,29.380726,-8.3687935,18.1026,-27.008873,19.382652,-20.602568,13.817198,-20.507875,16.56527,-13.112999,11.80082,-16.464844,12.631397,-16.775618,12.976367,-13.083706,11.1391735
20,Angry,Strong,2.176,0.033421095,0.03214008,251.8854557720113,71.83699077391019,-462.75305,124.52022,62.467407,59.504997,-8.191295,40.98999,13.717747,32.233826,-34.251133,38.748356,-1.1070486,24.20521,-17.986593,19.623432,-13.227181,13.39755,-16.876242,15.960854,-12.712259,14.253563,-9.345617,13.1090355,-12.338439,15.734995,-6.618421,10.68995
20,Angry,Strong,2.336,0.104718,0.12410012,427.35350013532025,40.426035518824165,-373.69467,95.027954,33.275406,46.628983,-47.652992,51.731445,-17.281013,25.315762,-38.18722,28.310709,-17.286793,20.086878,-17.984095,22.057844,-13.950842,19.417173,-13.1910095,15.441601,-7.828922,14.010783,-13.731726,17.83598,-2.7537873,25.130259,0.8122045,23.249578
20,Angry,Strong,2.112,0.099441975,0.10091194,375.4275077372657,63.068874888607496,-383.08575,108.5343,41.64238,42.83631,-49.582695,40.434055,-16.54758,33.674763,-50.573124,29.938753,-18.512316,25.83074,-20.303425,19.936554,-15.5763,17.95602,-8.060442,18.191862,-6.285384,16.415722,-4.335701,17.561152,-12.9873705,16.093624,-2.1367648,24.371572
20,Angry,Strong,1.536,0.033016596,0.03320463,367.7447578613383,44.723112213537085,-454.96237,92.41033,42.509026,65.473305,-6.8724546,49.461464,7.738092,26.328268,-31.23909,34.234135,-7.524154,19.13191,-32.302647,18.574512,-15.70959,12.518857,-21.360495,14.823815,-14.330875,15.701947,-16.00734,13.895361,-16.258211,14.995686,-9.314155,12.755728
20,Happy,Normal,1.472,0.007314948,0.0043066735,275.1511426307784,88.60400912475481,-613.25464,79.43376,64.00942,71.82265,-23.85155,36.69341,8.960337,25.782925,-29.027298,26.646278,-13.358163,14.167946,-36.376385,17.174156,-20.468048,12.707061,-18.7305,16.650787,-14.981145,12.865787,-8.688742,15.177546,-18.182938,15.46633,-1.4932883,12.194531
20,Happy,Normal,1.76,0.0095668305,0.006916139,277.70959642431114,58.5309169231801,-589.4622,89.55365,75.10194,47.55439,-19.854534,36.358284,14.273305,27.93682,-39.43179,33.144424,-11.146509,20.993517,-33.430134,20.310665,-13.212529,12.264978,-22.252872,17.442627,-11.164292,13.748434,-13.78018,15.121524,-16.538,14.2413645,-4.9107556,12.880476
20,Happy,Normal,1.696,0.008724945,0.0070590354,211.9295802576953,33.348775425775834,-611.8418,108.38949,82.260254,66.927826,5.3571653,38.360004,19.544428,31.981071,-19.628267,30.79825,-4.974136,18.047014,-28.323668,19.096659,-13.382109,15.0768385,-17.928375,14.545055,-11.308522,13.830528,-8.862531,13.80024,-15.53312,16.600618,-4.486657,12.995761
20,Happy,Normal,1.6,0.016631942,0.0144224,304.63795601903786,76.3841199145692,-539.0231,101.492386,74.75835,49.111248,-24.530235,35.234978,16.702282,26.55126,-33.858524,35.824684,-13.805015,22.812033,-31.159805,18.063334,-25.660744,15.086127,-13.065055,15.957985,-22.295977,17.535875,-9.025321,15.242759,-21.15035,18.497097,-6.0217795,14.712019
20,Happy,Strong,1.6,0.042738706,0.039120145,383.3586329872693,52.232452061177625,-455.8025,93.58605,36.673866,52.46464,-47.986366,42.64678,-6.4530816,29.039118,-48.497055,35.089382,-27.14615,21.470938,-40.949314,18.96529,-20.851603,17.596142,-11.444862,17.90583,-6.1359854,18.56565,-6.7384434,20.607859,-5.179676,22.077578,-0.3696469,19.146784
20,Happy,Strong,2.72,0.018566467,0.019194094,377.8407566369443,88.71983116188395,-535.59717,86.32186,36.861423,41.036976,-46.072617,42.864666,-0.21860647,29.819006,-40.574654,30.09652,-16.910221,21.033516,-28.679756,20.387602,-20.736643,15.721237,-13.175978,16.96679,-17.14962,14.40859,-1.1179963,17.364357,-2.2550764,27.12045,9.787426,25.977634
20,Happy,Strong,1.76,0.026008299,0.02062052,352.10525542477745,87.10329806407681,-497.6869,105.40969,47.831882,43.118797,-56.113777,38.490986,-1.7864237,30.666716,-51.24576,27.383528,-24.052382,20.550962,-34.83661,18.671387,-28.863937,18.058872,-9.869175,17.931942,-25.05443,17.02983,-8.414996,12.9778385,-19.13257,15.508888,-4.3507805,14.985493
20,Happy,Strong,1.888,0.057510152,0.05518954,340.39650246973326,50.61559304245908,-464.93472,83.60409,15.577265,40.222507,-58.503334,39.962833,-24.917303,30.084469,-47.841328,31.115078,-30.612093,19.570675,-32.991745,17.959917,-18.339008,18.226458,2.4596603,23.040594,12.996396,27.382023,23.422945,28.838892,11.360969,24.74324,6.387377,30.787155
20,Sad,Normal,2.112,0.0012672329,0.0010438133,222.55657931676677,65.45298724563092,-747.8156,78.992195,61.94617,57.077,-4.4813504,28.423588,19.974762,21.484339,-15.467996,16.974293,0.08235715,18.453487,-31.394228,16.421875,-8.577921,11.26762,-8.450596,15.789025,-9.480412,13.549985,-12.934365,12.576635,-4.0880656,10.194933,-11.54383,9.630839
20,Sad,Normal,1.568,0.001181185,0.00072444044,134.95331143983188,44.03681726872054,-778.7344,119.0376,73.580986,78.60495,15.140889,27.641834,23.59602,22.263424,-4.62383,17.056118,4.805483,10.680332,-24.565163,15.408681,-14.464299,13.01906,-8.991933,13.828487,-3.2783325,10.778846,-13.191823,11.510138,-2.7120776,11.1840515,-6.867654,10.664568
20,Sad,Normal,1.6,0.0011743605,0.00081734435,184.24234328913136,39.41200708368227,-758.58295,92.89392,66.972984,71.686455,2.5423658,23.332031,17.988083,22.665974,-7.0466294,17.679056,6.798756,17.137043,-27.239395,15.413964,-8.923283,13.824432,-6.7699356,16.751534,-5.099802,11.045236,-12.260883,13.082814,-2.5253625,9.530909,-5.7293572,10.208613
20,Sad,Normal,1.568,0.0008051143,0.0006152334,197.91592114055285,13.091594844438712,-813.5589,119.81393,70.86865,70.21532,6.630031,27.20726,21.959562,19.586937,-7.554193,16.981491,-0.36863136,13.933962,-20.547678,14.516451,-9.821293,13.439374,-11.3174715,12.454904,-2.9960017,9.0371065,-12.60433,11.534986,0.62320936,10.949615,-9.97153,8.129769
20,Sad,Strong,3.5015625,0.015832616,0.02167102,388.7638857966506,61.964095503347686,-619.23895,147.21057,30.15172,30.954178,-32.67468,36.975727,0.13886802,23.38303,-27.825977,30.728209,-22.650555,18.9615,-19.235048,19.242222,-32.157314,26.337418,-6.6362834,15.242887,-16.27653,17.041908,-4.414437,16.074087,-0.7429457,22.612663,0.3385879,21.988443
20,Sad,Strong,1.76,0.004009193,0.0037254374,295.5348758084553,51.8817448272173,-714.369,82.78325,81.114006,62.072964,-1.4446666,35.192238,9.677604,28.300144,-16.374928,27.084333,-22.854399,18.042036,-32.11656,17.723822,-29.386515,18.264755,-8.8381605,13.35599,-21.24667,12.473154,-4.327589,14.190205,-12.940248,13.148139,-9.67545,10.82096
20,Sad,Strong,2.464,0.0189482,0.019579353,385.3460708321074,64.02035989317663,-576.769,116.661995,36.283566,39.523483,-34.785347,37.086895,-2.45321,26.34122,-36.070133,26.610731,-32.880085,19.08051,-25.865416,19.069597,-40.980152,24.001326,-11.686011,15.207448,-10.861593,15.509277,-9.64138,17.490408,-0.47128233,21.327463,-4.785652,28.756098
20,Sad,Strong,1.856,0.0048101484,0.005098966,247.8469739128858,52.51390498267088,-707.61914,95.95575,88.80309,51.621403,-8.812351,29.138212,20.287418,27.21443,-23.178865,23.927168,-23.216894,19.610441,-23.14569,17.445162,-25.489473,19.319159,-8.6848135,12.860561,-15.024055,14.229618,-5.2663302,13.9265785,-15.198707,12.6071,-10.304571,12.2604
21,Angry,Normal,2.016,0.058163717,0.04745647,151.72232207166172,28.587052491247555,-421.11765,145.81598,86.51968,65.4985,-14.672834,50.322113,42.798454,32.607113,-10.266483,32.7851,-13.695648,30.152481,0.27558604,21.766191,-30.538849,21.727312,-8.745053,15.61996,-0.20583713,14.203577,-24.579704,16.52521,0.8320734,12.397424,-12.313786,11.704762
21,Angry,Normal,2.112,0.045825373,0.039933115,148.69836634372174,21.96941415131089,-441.11844,137.38774,95.499825,57.459118,-19.529543,48.3645,44.798912,30.895315,-8.506445,32.038315,-12.862121,26.687462,1.069981,19.547531,-30.54863,19.995682,-7.8448234,16.0428,1.8675197,16.354832,-20.854568,14.801204,1.8821746,13.49614,-10.332801,11.873749
21,Angry,Normal,2.208,0.04835009,0.04375197,156.0805947438852,23.694602565072408,-431.72903,134.6295,85.2196,54.554913,-20.098875,45.971394,41.68519,30.625336,-11.637132,32.226303,-14.29926,26.808218,0.11693155,21.449207,-28.27997,19.452732,-7.3420906,16.8063,2.0213401,15.647687,-20.420532,16.225897,1.5176786,12.041898,-9.63879,12.180886
21,Angry,Normal,2.112,0.061059557,0.054882422,159.6945668228975,24.877276992677043,-422.2974,131.23369,80.41674,68.26678,-10.324851,48.094616,37.41056,30.299725,-10.577724,31.899231,-13.6262045,28.351746,0.5744342,19.58492,-26.884287,21.642605,-12.107231,16.478369,-2.476685,17.934341,-21.306503,17.149055,-1.3052167,11.148557,-9.478372,11.303463
21,Angry,Strong,2.24,0.09404358,0.07619238,209.48741221133784,33.589417720376154,-370.72836,120.94548,62.473934,61.795464,-26.110342,55.569454,30.311092,32.361847,-12.480327,34.721436,-20.89289,27.412584,-6.49805,19.952738,-28.361185,23.278814,-12.316643,18.599783,-2.9325798,16.436037,-19.365364,16.448965,-0.45060283,10.9875345,-8.263967,10.818567
21,Angry,Strong,2.144,0.08093445,0.07367687,184.6462795633071,26.040730633852903,-397.34048,131.15688,72.99903,60.870102,-19.826723,51.23874,32.070404,28.860981,-11.411483,33.790615,-14.5935,27.993563,-5.7077513,21.59236,-29.849014,21.241596,-11.044183,18.65128,-3.5372915,13.923414,-22.514194,18.623766,-2.4482853,12.9917345,-9.153671,12.646085
21,Angry,Strong,2.496,0.094188794,0.07788458,239.03662285921635,29.63117225592887,-372.93707,128.46776,70.45882,52.55344,-32.338554,54.043373,29.513874,30.106861,-7.6835437,31.340328,-20.640528,24.7876,-6.4869576,21.041016,-25.485653,19.70009,-10.987275,15.116043,-1.8296677,13.931997,-20.791332,17.08154,-0.9843199,12.946984,-13.02433,9.739113
21,Angry,Strong,2.368,0.104093865,0.09559291,206.06879639553145,22.7184900737719,-364.1841,121.49444,75.56047,52.08369,-26.495865,52.09069,31.62537,29.047325,-10.368837,31.54382,-23.054668,26.675194,-1.0627902,21.948347,-24.983803,21.215506,-9.684265,17.098816,-0.2947908,13.484981,-20.755598,17.539299,-0.3580128,13.425684,-9.951733,12.130594
21,Happy,Normal,1.92,0.013233871,0.011280157,114.1506338106853,17.370936009494027,-565.7563,109.686424,126.03302,65.92778,0.570606,39.525368,39.536324,27.429699,-2.7867336,29.81202,-4.872926,19.92496,-2.2956572,22.348845,-18.157684,15.410904,-3.754812,14.786862,-3.2650602,17.413004,-11.077055,16.706285,2.0783377,11.065959,-6.142313,11.76954
21,Happy,Normal,1.888,0.016317267,0.012229153,121.04542547369635,21.90916240038848,-553.6188,124.19752,122.301254,77.89243,1.0509827,45.099815,34.113968,28.75507,0.8736573,26.692923,-4.071994,19.762938,-5.8126254,24.403873,-15.843313,18.792995,-7.150901,16.329113,-2.7995763,17.855593,-10.650453,14.643624,0.33103466,10.122186,-5.869171,10.665839
21,Happy,Normal,1.76,0.01971341,0.014820657,118.6364673466598,20.39937765076513,-515.72736,106.058655,121.113976,77.92043,-8.680334,49.073914,44.150673,28.607023,-3.4542713,27.282028,-5.378267,19.808577,-7.1250544,22.541817,-23.983095,20.767773,-4.003872,17.596277,-3.9750638,16.616446,-13.366326,14.344393,2.126062,11.126679,-6.0832796,9.583936
21,Happy,Normal,1.824,0.015332203,0.013003177,120.5184743140714,22.31278183715412,-540.2008,95.77144,125.35612,65.93103,-6.8482933,46.804153,45.375336,26.83068,0.608219,29.817205,-8.700087,21.362995,1.170802,19.032022,-21.09906,17.410912,-5.1865973,15.719705,-1.5181237,17.006294,-11.696242,15.308261,3.4067845,10.065037,-4.658497,10.25952
21,Happy,Strong,1.888,0.035138343,0.02565266,170.62049482194658,42.57024271355096,-450.74133,98.35593,102.91299,58.118595,-22.931267,46.01882,38.867897,32.423317,-10.334244,30.292501,-17.190733,22.27287,-2.1302187,23.416061,-28.54611,19.78446,-8.221753,17.989935,-4.410998,17.029078,-20.056114,16.620548,2.003971,11.834717,-12.515807,11.1259575
21,Happy,Strong,1.728,0.03400744,0.02496059,142.2045123527064,25.834136842056584,-466.8516,107.35824,116.07417,71.31992,-14.523257,49.599785,36.547626,24.889578,-6.5698953,28.650082,-15.842427,23.74674,-5.48767,26.470915,-26.457659,23.32976,-5.235344,15.561019,-4.6505203,14.482697,-16.46086,15.255722,0.98083335,12.358443,-13.4022,12.124113
21,Happy,Strong,2.016,0.031265244,0.025264874,317.95662612846337,123.45494549097306,-479.21677,132.16248,93.08441,57.88737,-24.422518,42.88009,35.85898,33.012363,-5.549525,28.100574,-17.46839,22.24475,-0.26748356,23.18201,-27.720282,21.382948,-6.377993,18.543322,-2.6531744,15.7589655,-18.91878,17.570206,2.1954908,13.161218,-11.252712,10.918934
21,Happy,Strong,1.824,0.04308532,0.029022329,174.43365140713252,40.35119201310483,-438.4774,90.16835,102.8376,67.901695,-17.714746,49.58322,33.62309,32.243176,-12.172096,29.834833,-16.980675,23.871996,-4.788779,22.636972,-28.473099,24.02627,-10.476509,19.738586,-4.4404902,16.677525,-20.04808,15.521801,0.6847951,13.65463,-13.102007,12.609935
21,Sad,Normal,2.336,0.0061916793,0.0050211665,99.32896610827478,13.275368146910006,-635.5642,127.09866,106.88228,70.39468,5.201542,36.423527,41.00342,29.944368,-2.4919984,26.577076,6.4502597,16.643742,-5.987164,20.186903,-16.27061,18.381006,-5.063946,12.544422,-0.82915103,16.381712,-11.674204,13.763619,0.37845552,9.850578,-4.845211,9.701573
21,Sad,Normal,2.848,0.0040790895,0.0038521602,97.84602216620388,10.565387927271496,-691.01306,136.56264,110.17138,65.9081,13.037628,30.917685,39.800983,26.389343,-2.788217,27.060907,8.650453,17.18976,-4.459488,18.860785,-9.477448,14.423911,-4.4145994,13.7088,-3.2153163,14.802177,-7.0359454,15.234891,0.86687255,9.446816,-3.5949492,9.090915
21,Sad,Normal,2.24,0.006112898,0.0056823553,95.41805437558855,8.580083034095686,-625.7429,115.705315,104.78326,70.4218,10.208057,37.001923,40.906025,29.955711,-2.8682542,26.40643,9.503255,15.02013,-6.1286607,20.221132,-12.478227,18.526403,-1.1394285,12.458953,1.194945,16.623991,-7.343684,14.799787,1.2659096,8.951327,-3.4100938,8.18464
21,Sad,Normal,2.56,0.004712158,0.0041418187,106.00546177150149,8.85040781707713,-680.11017,139.13135,109.3917,67.395454,9.449411,35.094837,41.037643,29.074287,-1.6360741,28.80362,5.3449674,17.462835,-3.585895,18.898674,-15.018796,18.285154,-5.29672,11.361426,-1.5094215,14.81289,-10.781762,14.940797,0.13794053,8.857125,-4.513198,9.273922
21,Sad,Strong,2.24,0.01623001,0.012776176,221.6779837476118,113.29177349310012,-554.30396,143.95827,107.8735,62.53846,-14.598182,43.855762,40.312115,28.806713,6.372706,24.994019,-22.326626,23.94501,-4.307599,17.178078,-29.36152,22.4368,-14.306027,11.702196,2.491256,17.901543,-23.167603,14.300641,-1.9346455,13.98892,-10.359764,13.123579
21,Sad,Strong,2.272,0.022968732,0.018059054,204.37637383393707,72.49603696032052,-505.90543,125.043335,102.09621,57.247986,-21.576292,39.540085,37.167934,25.955294,7.09495,28.323917,-30.96769,26.538054,-7.5444,15.592466,-27.216446,18.500244,-26.308329,14.271657,8.748797,16.53301,-29.602615,14.251303,-2.5462909,13.453547,-8.443622,11.408907
21,Sad,Strong,2.368,0.01598515,0.013460558,213.4361412869356,129.1449167720096,-556.06256,130.65155,103.4164,70.78075,-12.569777,45.702827,43.20036,31.234102,1.6801741,28.056408,-18.747877,22.894232,-4.2867155,17.838478,-31.151886,23.157991,-9.853583,9.921411,-1.1961474,17.847618,-20.048683,13.641609,-3.5122688,10.579261,-10.946528,14.149919
21,Sad,Strong,2.432,0.020137105,0.018342435,207.424388442818,115.50901844228386,-540.51135,145.40808,92.596855,57.082478,-16.125526,38.860092,31.45794,25.312607,6.230574,25.506943,-28.921726,27.227066,-9.1316,16.735434,-28.308607,19.947529,-21.787642,13.71572,8.726424,16.82346,-27.721582,16.005234,-2.0570593,15.295495,-10.139102,12.355541
22,Angry,Normal,1.792,0.009382179,0.009246633,198.86138676190663,35.627061953278165,-594.8793,106.85999,93.25166,60.793026,3.4848738,33.08493,9.020908,38.468433,-11.792968,24.432795,-17.99662,21.91821,-11.203751,17.21563,-20.576815,15.817842,-12.080142,15.285823,-3.4789367,11.129836,-19.46034,10.2577305,-4.41541,11.4644985,-14.563884,10.086841
22,Angry,Normal,1.952,0.012891955,0.011194342,208.50049457953415,47.872569941555085,-574.1605,114.66856,84.986984,72.590775,-3.4485962,43.02519,3.0881665,40.72411,-11.035719,31.009624,-19.764841,24.039051,-11.722619,23.372358,-23.155476,16.302221,-11.092746,14.658906,-5.731519,13.87577,-20.57838,10.852224,-3.0905144,12.197073,-17.647778,11.44939
22,Angry,Normal,2.112,0.014664722,0.014354231,202.3721610559218,35.44008862697479,-569.73645,117.63474,83.707535,68.68781,1.5079604,41.108223,5.572402,40.633713,-11.878081,31.180332,-18.447802,22.783539,-10.729103,22.43911,-24.913984,17.01729,-13.997049,12.768351,-7.1133094,12.12209,-22.914583,10.921693,-6.8761883,12.648413,-15.162542,10.35315
22,Angry,Normal,1.824,0.009978039,0.009254316,204.6900236907773,38.00376578932249,-605.57135,109.22979,101.41858,64.13999,2.4306157,33.480553,6.2484484,40.749756,-10.009467,28.00519,-19.820694,25.671612,-8.794663,18.681467,-21.618277,17.966995,-10.622278,14.509452,-5.141776,12.337554,-18.766771,11.598918,-5.110293,15.12938,-15.194101,11.065359
22,Angry,Strong,2.176,0.057045545,0.051097553,258.7416962880892,40.84002698600021,-435.41028,117.51526,54.666,53.272232,-17.40506,46.061184,3.225442,41.21731,-22.791563,34.574276,-23.009739,22.617493,-17.00209,22.584692,-32.33794,17.211702,-14.153809,16.270172,-11.891147,12.832835,-19.77804,12.229698,-5.8804865,12.592949,-19.281958,13.737143
22,Angry,Strong,1.888,0.035454907,0.02940472,271.85979979896626,36.94147568143521,-460.78275,100.77608,67.854904,48.582596,-21.09565,38.676487,4.2230167,42.367687,-22.9992,31.685223,-22.076593,22.2716,-14.529176,20.426569,-26.092596,16.562456,-7.7879877,18.911983,-14.0712185,12.515048,-19.032797,11.127852,-10.020167,12.464293,-14.578508,13.496659
22,Angry,Strong,2.208,0.054679587,0.044623073,271.07279545375314,45.92868055441063,-434.99103,110.023674,51.351738,53.673088,-23.472586,43.079674,1.5551609,41.71368,-26.67853,38.895924,-22.897089,22.714664,-18.934294,18.05364,-32.84253,16.974667,-13.121996,15.422319,-9.741226,12.806528,-22.886034,10.727777,-6.9526215,12.101186,-22.018347,12.3569
22,Angry,Strong,1.888,0.034806225,0.030874908,266.35300263347887,32.44955657119361,-479.21436,106.64863,76.586716,50.80283,-19.050085,37.114307,1.1243609,43.96079,-17.81817,31.894073,-23.291752,24.278536,-12.506733,21.237726,-27.559841,16.740414,-11.863759,14.760978,-10.539274,11.893245,-21.942593,11.401227,-8.108789,12.825247,-17.276993,14.9236555
22,Happy,Normal,1.952,0.0062110666,0.005423838,200.73979996797897,31.93928841852785,-651.50214,121.724434,97.81074,60.518597,-4.133875,31.054981,7.7981644,29.882847,1.0476632,27.66089,-12.416257,21.891752,-12.993124,20.210398,-18.219189,14.477667,-7.9220533,17.766457,-11.380692,13.336318,-15.699332,10.8212595,-8.076385,12.895855,-12.24646,11.229857
22,Happy,Normal,1.536,0.0076708607,0.005285236,226.72940166465173,48.79841908638419,-608.4957,95.95057,97.862595,55.53116,-20.883022,36.599285,7.8011775,32.620888,-2.4755166,25.32228,-22.144691,18.100447,-14.309553,18.698433,-24.369438,16.744196,-7.6115246,19.360374,-14.219083,11.256786,-16.168926,10.977598,-10.695061,14.719067,-14.200071,12.423473
22,Happy,Normal,1.6,0.0082169315,0.005314475,212.60767858121235,29.917570441350595,-599.33923,93.376465,93.55592,62.963768,-7.5144787,38.6909,4.867136,32.924805,-6.738247,25.425888,-21.91116,19.925858,-17.804287,23.23453,-23.34254,16.955534,-5.931511,15.65666,-12.800184,11.420638,-19.062126,9.744318,-9.031326,10.723346,-15.246133,12.980589
22,Happy,Normal,1.6,0.008334913,0.0056197867,186.12675560340205,30.90153827964655,-608.5928,102.06629,105.90564,66.247185,-0.79300857,41.55519,2.1212072,31.832335,3.3268337,24.093103,-16.087776,18.236813,-14.506566,22.317945,-22.832792,17.868599,-7.1307836,17.454245,-10.934325,11.104403,-17.647417,12.734067,-4.4548016,10.051639,-15.167056,13.000886
22,Happy,Strong,1.76,0.028981343,0.023398358,309.33875053652395,67.6739881712751,-482.1067,91.2503,70.83792,48.134033,-32.05469,39.1844,-7.9942102,37.12966,-16.164984,27.340067,-32.050735,18.24436,-19.08912,18.17589,-30.872225,17.366796,-14.409142,15.9466305,-12.404709,8.48479,-22.900063,10.6746435,-16.547256,12.610253,-19.693016,15.238027
22,Happy,Strong,1.76,0.027643349,0.01826621,307.15226933131265,59.08473257609372,-483.22174,100.31618,62.63219,51.91227,-9.813915,35.23947,-9.52428,36.218548,-7.336529,28.901102,-25.958817,18.732067,-19.130445,20.27002,-31.979635,19.274916,-10.629659,18.028637,-19.529099,10.566981,-27.519964,12.364975,-9.656313,13.407653,-20.831999,13.144413
22,Happy,Strong,1.888,0.025851335,0.017625423,289.41342125722275,55.29021292190752,-494.37756,100.181366,74.99002,52.657703,-19.733318,32.65119,-3.0709713,37.82212,-8.045185,29.05485,-29.979658,19.725641,-19.530905,21.476715,-27.579603,16.6579,-14.1086,16.303911,-12.29665,11.168244,-24.952929,12.038284,-9.895383,12.493416,-17.67864,12.8722
22,Happy,Strong,2.016,0.02259755,0.015378864,285.1017318515628,61.32279590454062,-509.26462,97.8327,69.01158,56.886745,-21.973778,41.527233,-5.368991,35.479748,-9.775849,31.42071,-28.903595,19.32141,-19.387466,21.962172,-30.077694,18.782082,-9.832806,16.655422,-15.943544,11.178612,-25.177065,12.549343,-10.367057,10.239329,-19.945993,9.6953535
22,Sad,Normal,1.728,0.005482672,0.0038566547,194.8039423506888,26.820079872791947,-642.00793,99.75642,103.766945,61.59649,-4.0438695,28.558563,12.879895,29.339268,-4.198255,23.314777,-20.056183,21.421623,-12.267249,18.721678,-25.50953,13.987887,-5.9120936,19.080471,-10.500288,10.006671,-14.893369,11.342612,-8.118182,14.29439,-8.370606,10.722231
22,Sad,Normal,1.824,0.0063921413,0.0046627186,204.89873855906788,28.492514117639143,-632.4641,92.10895,100.97801,61.054085,-6.409242,26.95494,8.134751,29.621614,-3.9428675,23.96473,-21.354088,22.894573,-14.329966,18.802427,-24.129988,13.831952,-9.064261,16.48538,-8.348713,11.692583,-15.367024,10.036842,-8.771072,11.50298,-11.134411,10.845276
22,Sad,Normal,1.824,0.006498936,0.0045092995,206.8994460576547,24.24878520505908,-631.4856,85.311935,91.37847,67.20009,0.93410474,38.633873,2.7221453,29.555384,-2.8445354,26.295956,-15.348734,19.5908,-19.029415,19.748663,-24.032452,14.931429,-6.9262323,15.870508,-8.89679,9.706063,-20.038477,9.389113,-7.210297,10.265922,-11.7687645,10.6961355
22,Sad,Normal,1.792,0.007914453,0.005311695,202.48194442756383,20.357724918432098,-614.67365,91.99123,91.22057,73.336075,6.2426753,38.671677,-0.79942626,33.84596,-3.1234653,24.572132,-13.1656275,19.315842,-18.391853,19.927368,-25.167501,16.250996,-7.923879,15.574283,-10.557266,10.374612,-19.711363,10.879764,-6.676046,10.167411,-12.726994,11.5681715
22,Sad,Strong,1.824,0.008372468,0.005577895,214.1764049513553,12.726399061770612,-615.1317,89.274445,87.05474,71.53748,3.1642723,39.114826,6.5839725,32.504932,0.6733097,24.821198,-17.055162,20.649912,-19.267973,18.836842,-28.754782,14.374377,-10.992138,14.485936,-10.423126,10.913525,-22.942394,11.210306,-5.6938148,12.073367,-15.377032,12.651203
22,Sad,Strong,1.824,0.0068013067,0.005043138,208.7785512980496,23.33347263323213,-620.8748,92.299484,94.39196,61.625023,-7.2413893,29.008572,10.205805,32.611614,-2.6820793,24.113297,-18.281883,22.082901,-12.218817,18.394905,-24.33613,15.6551285,-11.632199,16.16212,-9.419048,10.983023,-18.525108,10.137782,-5.1915603,11.058153,-13.02511,11.905372
22,Sad,Strong,1.952,0.008853822,0.0059975944,207.08847725216276,12.445041420288764,-603.63446,111.243515,83.164665,68.39169,-1.656424,40.01268,15.352624,30.041607,-1.0253898,26.23131,-18.96817,22.3332,-15.030237,20.115572,-23.794434,17.459568,-12.335556,14.510806,-9.908092,10.420095,-20.924759,12.263071,-4.000088,11.36234,-15.857312,10.923482
22,Sad,Strong,1.76,0.008521752,0.0074178637,220.3580363307589,20.450583472032083,-607.7515,93.82069,83.28986,61.499287,-8.860617,30.402874,12.296748,32.73076,-7.7952185,23.498215,-23.746794,21.565182,-17.746803,20.921394,-23.841282,14.3558855,-12.037242,15.39289,-13.287137,9.553332,-17.152332,10.161244,-5.595284,12.913118,-15.269074,9.697892
23,Angry,Normal,1.376,0.029014103,0.019233823,220.38441395226357,39.128940772427626,-470.08307,116.35851,88.96997,70.344444,-16.715757,39.803307,17.418358,29.911022,-10.275629,24.345814,-19.43536,19.435907,-9.457702,17.641594,-18.142624,15.094621,-25.55646,15.550788,1.2912239,19.043207,-24.46379,13.084606,-7.310703,11.074546,-14.565978,13.325986
23,Angry,Normal,1.344,0.029345293,0.021381827,218.84273181199148,39.69787373197384,-473.5009,116.735405,92.45208,72.46841,-19.479698,43.673798,19.206938,28.920689,-8.204572,26.119898,-15.049143,21.466833,-8.831236,19.079582,-19.783655,16.078602,-18.317343,16.502968,-5.6088347,18.670061,-20.69344,14.25888,-4.9486666,12.731922,-15.047067,12.261267
23,Angry,Normal,1.376,0.030187013,0.024228483,221.10468272447332,37.71911343290574,-472.35693,121.142456,90.83829,57.901314,-19.195807,32.391243,20.82746,30.90167,-10.244848,29.108177,-16.129282,21.616196,-12.017917,15.689079,-19.852295,15.645977,-22.589766,19.105518,0.10809769,17.226246,-23.331331,15.423286,-2.8529646,11.394716,-13.264464,13.457113
23,Angry,Normal,1.28,0.030479018,0.023787279,220.3323431306401,35.63939000962218,-467.45773,114.3956,97.96933,57.483704,-23.147116,32.07918,18.622133,28.933094,-12.551037,28.698282,-14.849763,23.059313,-10.629748,15.189745,-21.886185,14.579886,-22.916162,15.905874,-1.7930766,16.14191,-23.264334,14.606135,-2.3232777,11.036555,-11.204313,12.799118
23,Angry,Strong,1.44,0.07836869,0.07219261,316.2307028069191,45.55307262573757,-396.52463,114.59085,65.81949,48.568287,-30.41554,28.107254,1.9083643,30.63881,-22.798912,31.185555,-17.643581,20.539415,-17.473816,19.627464,-15.748308,12.416558,-25.895386,16.363848,-6.021109,14.3278,-16.806543,12.594711,-9.073129,13.954034,-13.770402,13.83519
23,Angry,Strong,1.248,0.102719225,0.11107811,326.6572351950098,39.96479512323178,-366.30655,94.26963,52.66466,57.896065,-37.942154,37.1237,-1.4929597,28.041697,-22.666433,27.02661,-16.296902,16.49204,-23.999104,19.772911,-17.550652,14.476463,-22.364548,15.218356,-11.313261,17.788479,-18.088259,11.195636,-7.828419,15.45142,-19.071867,14.027859
23,Angry,Strong,1.312,0.08240118,0.072376974,315.572031929443,47.02601815843508,-380.64026,100.04658,67.49144,49.286953,-40.295555,28.681389,2.5124922,27.72381,-25.987797,28.829351,-19.084929,20.50768,-18.768898,17.802816,-19.742731,12.660779,-25.423946,17.129854,-9.983487,13.914325,-19.47428,12.095441,-8.394177,14.984935,-20.118923,14.2949
23,Angry,Strong,1.312,0.0852272,0.09639926,314.7343068915472,38.90577853990898,-389.06836,84.26218,56.852356,58.568336,-29.078747,35.62382,1.8221424,28.468727,-22.839598,28.487247,-20.03854,17.502136,-17.880318,18.389795,-21.012266,14.764196,-25.00728,16.20028,-8.851199,15.922672,-22.426727,12.684671,-10.437624,16.710638,-19.920849,12.320558
23,Happy,Normal,1.408,0.012262072,0.008359732,221.332420294571,38.10049229028059,-570.5226,103.39282,108.30875,48.590702,-19.83792,31.267807,23.373955,37.850887,-3.415215,22.002522,-17.686789,19.637526,-13.775363,15.538297,-24.073334,16.362696,-17.452736,16.029945,-2.5981166,15.3784,-17.314873,13.021501,-6.1284957,13.7347555,-17.769598,14.845916
23,Happy,Normal,1.312,0.019892715,0.013938321,221.0094803582278,46.38696876354075,-511.031,77.76776,102.84064,52.819214,-21.499298,34.117664,18.437948,35.94845,-5.35615,24.596983,-18.120714,18.089273,-14.503963,14.350826,-24.634705,14.436509,-16.88299,18.838924,-3.9755287,14.65831,-19.072824,11.593083,-3.6856432,16.28503,-19.875685,16.04305
23,Happy,Normal,1.344,0.014723322,0.009116902,179.89306761889833,18.15678150418955,-524.5779,98.4664,99.32589,66.87809,-6.036771,39.304634,28.466005,28.853493,0.24026167,22.764927,-15.067282,20.82517,-9.247818,18.163681,-25.453074,16.149336,-12.421414,13.985294,-1.3749558,13.6980505,-15.919688,12.951096,-1.4083068,14.216366,-17.270102,14.002367
23,Happy,Normal,1.344,0.01527376,0.009551728,190.04659548530617,15.572948521899502,-535.4325,116.22328,101.7237,65.07175,-15.00934,43.41626,26.086372,28.047607,-0.13102053,22.236921,-16.00541,20.190573,-14.015918,19.61794,-24.706799,18.851515,-13.953747,13.256284,-2.5123317,16.143835,-17.274994,10.227324,-1.4410012,14.165613,-18.724197,14.229818
23,Happy,Strong,1.248,0.041930106,0.031058325,286.46943159283006,29.04146167389801,-441.63065,83.49111,75.339195,50.169765,-25.758116,33.391968,5.434176,36.097904,-14.888494,26.82532,-23.727346,18.940994,-18.893215,14.685563,-22.85196,13.694471,-23.219406,14.757524,-6.0852923,14.341009,-24.594746,12.755504,-10.459422,15.40003,-21.58121,15.380174
23,Happy,Strong,1.248,0.041006174,0.02760404,254.76058158287643,37.74642171358572,-438.79468,91.49058,79.46568,60.116688,-22.180399,39.771133,2.8097582,31.602419,-14.52672,25.725687,-28.97429,21.161278,-13.842547,18.156227,-27.331621,16.331385,-21.699457,16.892155,-2.2207236,17.394363,-23.544771,13.238582,-6.6790395,14.753925,-25.828787,13.646674
23,Happy,Strong,1.28,0.03423117,0.02270712,252.26327638700764,35.11520941069673,-458.9789,98.73763,86.87296,58.21099,-21.446115,37.257454,11.391692,29.186117,-15.465244,30.163578,-23.937508,19.840664,-12.421156,19.525175,-28.590109,16.14097,-20.260525,15.966786,-0.83737963,15.850399,-24.367794,14.778189,-6.450946,14.034433,-23.383497,14.17001
23,Happy,Strong,1.248,0.04397197,0.032578703,284.02560835869275,36.31522851350719,-439.3645,89.04964,78.7161,48.467854,-29.748253,32.080273,4.9850173,34.66369,-15.78326,24.956335,-23.082602,18.270523,-20.742977,15.382822,-20.14068,14.051173,-25.103127,15.449555,-6.381485,14.102411,-20.855576,11.420366,-14.02581,14.492409,-25.017797,15.258506
23,Sad,Normal,1.728,0.00860153,0.0053448197,133.8718727467375,13.217914362103908,-587.6162,87.330414,98.046585,105.28754,-4.3161507,51.962917,30.653309,30.274015,3.1000779,18.923998,1.3007591,21.862547,-11.923681,20.617561,-9.499823,17.773308,-14.548484,14.592306,2.4805965,15.28641,-11.714061,10.027431,-0.8419969,9.468692,-2.6073673,12.157117
23,Sad,Normal,1.984,0.0055212784,0.004559002,123.97776381396676,15.38220417379793,-668.565,147.48575,125.483376,65.54246,-1.4977098,37.015095,35.69382,23.364729,11.42343,24.651049,2.1221328,17.450571,-6.07458,14.918897,-8.743657,13.217891,-11.561909,15.851319,3.4225626,14.341006,-11.973171,14.640152,-3.3694308,10.880594,-2.6095634,9.170313
23,Sad,Normal,1.664,0.008099203,0.005535314,138.86612950044082,15.856784185035885,-608.53143,97.91011,97.615,103.88624,3.972332,52.260025,28.263868,29.735994,4.1594563,16.869038,1.7749021,22.820818,-10.40272,18.262844,-10.290021,17.05247,-14.076251,14.858028,2.115994,15.165149,-13.293276,11.623627,-1.3883598,10.074027,-5.2641163,10.591214
23,Sad,Normal,1.728,0.0053225583,0.003969287,126.56278507715643,16.96824603120303,-648.9706,113.92724,133.11708,59.809086,-7.870257,39.31253,36.583317,26.485033,14.841018,24.309036,-0.87017524,16.692965,-7.296175,14.9482355,-11.354612,14.226163,-13.830066,15.490666,2.1059515,15.02433,-12.879665,14.117026,-2.6671343,11.060444,-5.086417,10.719842
23,Sad,Strong,3.04,0.0053843693,0.0076344544,170.0958030612828,18.14879484220323,-700.79004,159.54494,75.26218,64.67443,-9.830317,31.23527,19.42353,23.072697,5.633641,23.359379,-2.1617436,15.423927,-12.821319,15.315491,-8.693768,13.657274,-6.7363176,16.608149,-2.7111516,11.352623,-11.598306,12.932506,-1.3745799,9.939053,-4.461412,12.494114
23,Sad,Strong,3.008,0.0071137585,0.009543915,182.14807461070583,26.528205895502623,-674.52875,159.31477,75.02112,66.06005,2.6692164,30.184423,19.386925,29.437962,5.379066,21.46073,-4.1847615,20.589787,-12.26861,16.640432,-10.363339,16.35707,-13.497878,13.475995,-3.3409626,13.177788,-11.208957,12.481955,-1.6311923,9.288216,-5.870566,10.358626
23,Sad,Strong,2.048,0.0068933,0.0055625313,169.8918143246449,12.189596282082176,-652.51416,133.72656,92.209854,84.90641,7.7369456,39.612736,15.826859,30.843946,6.991818,25.404076,-3.2065787,20.48432,-13.76338,18.416618,-15.233805,15.78128,-15.113701,16.54979,-2.15492,14.325348,-19.483158,12.389715,-3.4161189,11.344348,-8.534688,12.837563
23,Sad,Strong,3.328,0.0059804055,0.0068105687,159.79607843462315,32.320954264091114,-686.1392,144.00017,89.03228,66.63785,-8.391166,34.36971,24.703648,23.97758,7.9276814,16.967903,2.1755385,14.780455,-14.518361,18.090185,-10.899404,15.786141,-0.3605277,17.110731,-1.5753536,13.654014,-10.730276,12.16812,1.3220412,10.096643,-1.4113245,13.957057
24,Angry,Normal,1.792,0.030871801,0.026625218,268.0446761749848,32.61130719777264,-475.0079,101.16341,65.92648,45.68924,-27.198183,40.426765,-2.310951,39.094837,-32.99618,24.308197,-18.940132,20.30029,-18.696495,24.52963,-18.63698,14.474373,-8.883169,16.766365,-15.789882,15.274359,-6.3167224,14.003931,-12.120869,12.73916,-13.004289,15.232684
24,Angry,Normal,2.144,0.025134083,0.02463244,248.25724861893596,34.21211059708683,-500.75635,102.11054,66.043106,48.71714,-23.257143,42.43374,0.62138754,44.38562,-36.916874,31.152758,-11.745653,19.624378,-19.140442,25.923925,-20.005327,14.660488,-6.112457,17.449299,-19.800774,14.802304,-2.08768,14.41546,-13.785147,13.427615,-10.668136,13.238354
24,Angry,Normal,1.76,0.023432015,0.022878014,227.85255671473652,18.9893290231214,-519.53577,111.72068,68.809784,65.68794,-21.203508,52.66858,6.920384,37.347145,-31.733664,30.537054,-14.55797,17.168991,-22.432047,22.849007,-22.610996,13.806194,-7.2457557,19.89114,-15.110026,13.686241,-0.08080187,13.771813,-12.291679,12.591919,-11.067951,12.967788
24,Angry,Normal,2.208,0.030555591,0.024541968,246.5010906907896,21.022057389955197,-498.45865,101.72143,66.88369,67.954994,-26.68234,51.25852,-1.2660804,31.757032,-33.509563,30.30501,-22.135496,16.531208,-18.707571,25.971676,-23.282978,16.327074,-6.6308618,18.37306,-13.767609,17.465157,-4.7169647,15.178202,-15.995445,12.294211,-10.612196,13.054572
24,Angry,Strong,2.24,0.028695466,0.027026135,242.49079997003216,27.568809774326468,-505.15018,107.37557,63.335712,69.07864,-14.860273,47.257355,-6.8725767,44.612232,-28.730387,29.36094,-14.612953,19.792944,-23.195953,24.916021,-19.114304,14.8090515,-9.283643,15.09755,-13.816949,14.7133875,1.8719342,13.630429,-12.869861,13.464334,-7.9288445,15.15702
24,Angry,Strong,2.336,0.05320849,0.05222114,283.50049547915586,27.65387090537579,-435.88928,89.11295,48.922436,45.079796,-20.166468,42.96157,-3.8615756,44.252804,-45.496243,34.628967,-11.81053,16.52798,-20.199854,23.852388,-20.638092,14.709393,-9.506272,16.667747,-21.474987,14.397827,0.8983523,14.406222,-19.067923,13.140215,-9.0944,14.076099
24,Angry,Strong,3.136,0.028906135,0.030852456,258.0629700040146,26.37226444181695,-532.5786,146.32668,39.147835,63.283775,-14.405296,43.236256,-6.5931273,36.667053,-32.739487,33.666016,-8.575497,18.859001,-20.62514,24.542624,-15.945636,15.286204,-9.450774,14.472255,-14.901135,14.155656,-1.3535539,13.314454,-14.568327,14.477646,-10.684245,15.554871
24,Angry,Strong,2.336,0.04064956,0.03891123,281.71136326706863,39.01758438583765,-465.10617,97.26401,51.274067,43.089447,-25.600632,45.025894,-0.97820157,45.07415,-38.23394,29.075874,-14.756325,21.367285,-17.96435,25.497404,-23.172844,15.751023,-6.258301,20.09984,-22.044394,16.489372,0.3873493,14.5084,-13.550759,14.135493,-12.437503,14.234142
24,Happy,Normal,1.696,0.0063991947,0.0055998503,232.3771996359386,37.10550823213753,-633.3125,104.19569,89.307335,51.914482,-15.933427,35.950516,1.9018412,33.511845,-21.76614,26.649866,-16.757898,17.719727,-18.73204,18.007769,-13.890568,14.107172,-12.719778,15.411836,-19.89933,12.479712,-5.793266,13.862261,-16.766994,12.365354,-10.736302,10.195548
24,Happy,Normal,1.952,0.0063605187,0.004611513,235.49369270463177,41.339920009443006,-618.93933,91.24803,87.69968,48.990482,-26.584349,38.583595,11.624411,33.407475,-21.121666,23.698078,-17.376678,16.501993,-20.229437,16.588417,-15.343468,16.50822,-11.306467,15.397109,-20.10329,13.160299,-5.215345,12.152529,-14.22025,11.865663,-11.091182,10.108526
24,Happy,Normal,1.792,0.010513469,0.009066766,238.3916175823847,33.834978954031335,-592.16547,92.01223,75.613075,70.993996,-20.717466,51.26195,1.1037303,27.232426,-21.28489,24.156462,-21.799122,18.361288,-23.94521,17.421001,-14.097563,14.040053,-19.26097,15.167698,-16.236671,10.090378,-8.422061,13.431224,-20.362026,13.702377,-12.180898,10.883288
24,Happy,Normal,1.6,0.0067211166,0.0048247585,238.848704543832,34.16222554047277,-629.50037,101.54878,98.106865,63.25174,-24.531979,46.766644,2.3586104,30.825794,-17.94283,21.473663,-16.140636,15.353884,-23.105753,18.902775,-13.947556,14.209666,-14.484791,17.029812,-14.659349,9.963328,-6.5171056,12.7206,-17.65015,11.904358,-8.797874,10.289877
24,Happy,Strong,1.792,0.019921295,0.018728118,242.84751827445567,35.70862943769959,-506.60095,102.1872,69.58383,39.533802,-23.609241,41.208996,18.62313,34.61594,-28.72366,23.335096,-11.744889,18.82444,-17.236073,26.96266,-10.597856,16.076357,-5.0639806,15.106667,-19.676092,14.112634,5.572846,14.30305,-10.260926,10.723513,-8.020161,11.37938
24,Happy,Strong,2.048,0.018617699,0.015808392,262.56513868842865,40.861485452638384,-509.65857,100.93121,64.769424,45.07676,-28.67022,42.474148,12.293323,29.31859,-32.788197,25.012745,-15.408218,19.627384,-17.0042,22.287796,-12.932551,13.307459,-7.6814165,15.314385,-20.61878,15.594872,0.30711412,13.0302,-18.427097,14.575564,-4.8611875,11.382799
24,Happy,Strong,1.888,0.021295901,0.013461053,280.332400496813,34.186879624434425,-512.07324,87.03794,58.241795,60.16737,-23.935246,43.314472,-0.30594406,27.626776,-28.647133,25.069975,-21.818386,19.112812,-21.43599,20.120214,-20.708979,15.617786,-13.155839,18.514069,-19.562534,13.483492,-7.8882475,17.615088,-24.609632,15.082162,-9.735409,11.067899
24,Happy,Strong,1.92,0.033869002,0.02420638,350.5816288936832,46.97187621514204,-490.46518,99.2688,39.37734,51.840363,-27.459303,42.647736,-12.183242,32.18373,-33.984184,26.121056,-24.520208,17.828232,-23.167583,19.803473,-20.712767,14.33252,-16.78348,19.735441,-24.495993,13.376696,-14.958329,13.634535,-22.052193,14.132114,-11.331503,9.47573
24,Sad,Normal,1.856,0.0039109373,0.0036046738,191.10644055029056,45.40782081595933,-680.38684,87.629845,86.746826,80.675476,9.711542,42.358994,6.471769,27.011992,-15.047036,19.09096,-12.314565,16.198378,-15.132983,21.237385,-10.900892,13.92463,-15.729416,16.148077,-7.2327185,11.8839035,-9.123175,9.106516,-8.589306,8.586758,-8.141569,13.554365
24,Sad,Normal,1.6,0.0056121177,0.0050945734,216.50341887794684,23.65964097215584,-660.8543,90.82356,97.98697,68.34076,-4.4809685,34.92674,4.742793,28.224224,-19.391945,25.415545,-11.008975,14.880786,-30.659042,17.830637,-17.779974,13.7622385,-16.964943,13.974352,-16.99808,10.607038,-6.9957147,11.347373,-17.201918,12.391083,-6.863429,11.523951
24,Sad,Normal,2.176,0.003107455,0.0033672836,219.3109812218226,34.25167956743363,-707.1436,86.714935,88.946655,59.964546,3.002241,29.743717,8.522224,33.933964,-9.627629,25.22213,-17.58755,16.192093,-17.117596,18.445835,-12.142129,14.296073,-13.53095,14.955768,-12.541148,10.33468,-10.215285,10.850965,-9.044191,11.56272,-6.5545354,10.326334
24,Sad,Normal,2.08,0.002556324,0.002195173,211.1103467259773,10.272216320588884,-720.23737,86.549965,92.46015,55.999374,11.597142,31.22876,13.104433,36.117744,-9.14914,23.372179,-9.029683,15.364961,-18.6531,18.122759,-8.87563,15.109319,-8.328631,16.852486,-13.848482,12.817955,-6.9605403,10.86841,-9.639773,12.834028,-4.0546026,10.620949
24,Sad,Strong,2.496,0.012800035,0.01379599,320.40392965187834,46.66657066689766,-606.8057,116.30918,60.63126,44.909977,-24.621206,45.481255,3.5622272,25.222012,-30.236588,30.536615,-23.456175,19.266321,-27.116215,24.147907,-30.601604,16.354351,-1.2819724,14.447805,-17.73631,13.571156,-14.863631,13.426499,-0.33958277,12.862065,-20.777613,18.18927
24,Sad,Strong,2.752,0.008675759,0.008757752,281.5434251380687,44.43849150742168,-641.8042,142.54959,59.637985,72.49911,-3.2865922,50.637424,1.7129188,30.683718,-15.144241,31.47367,-18.182478,17.24927,-23.139355,20.886305,-22.866451,15.41455,-6.1512604,18.590418,-20.522827,15.108585,-9.905352,11.791796,-4.8692822,13.259625,-16.767366,13.7474575
24,Sad,Strong,2.816,0.0040306435,0.003969589,251.99605861827283,13.913834694946445,-717.2674,127.86328,67.82624,75.12529,3.9885678,43.640278,-2.9313126,26.423677,-14.438288,28.329416,-12.670762,19.985312,-15.841257,20.833117,-19.141764,17.116774,-9.665006,15.718301,-14.282485,14.218829,-9.050838,10.481487,-7.1949487,10.167015,-11.7687845,13.424715
24,Sad,Strong,2.624,0.008454069,0.009101542,275.2607799499164,55.59698782320609,-609.8526,104.50114,81.42486,55.178158,-14.927547,37.809174,5.6055856,35.59715,-28.680157,28.435282,-13.006719,20.17676,-16.462852,21.826365,-22.137142,17.25099,-2.2735639,14.976695,-16.088139,16.826082,-5.8540235,13.947373,-5.237583,12.581531,-12.925451,14.555205
